Loaded models on cuda
WROTE annotation_hub/self_collection/object_candidates_free/Home_Office/self_collection_Home_Office_53_7ad722fa.json objects=15
WROTE annotation_hub/self_collection/object_candidates_free/Home_Office/self_collection_Home_Office_54_301b6c18.json objects=15
WROTE annotation_hub/self_collection/object_candidates_free/Home_Office/self_collection_Home_Office_55_aaf6f250.json objects=15
WROTE annotation_hub/self_collection/object_candidates_free/Home_Office/self_collection_Home_Office_56_29c9f55b.json objects=15
WROTE annotation_hub/self_collection/object_candidates_free/Home_Office/self_collection_Home_Office_57_fabcaed9.json objects=15
WROTE annotation_hub/self_collection/object_candidates_free/Home_Office/self_collection_Home_Office_58_34db3f9f.json objects=15
WROTE annotation_hub/self_collection/object_candidates_free/Home_Office/self_collection_Home_Office_59_8e8ee44a.json objects=15
WROTE annotation_hub/self_collection/object_candidates_free/Home_Office/self_collection_Home_Office_60_79f07bf4.json objects=15
WROTE annotation_hub/self_collection/object_candidates_free/Home_Office/self_collection_Home_Office_61_c6f444b2.json objects=15
WROTE annotation_hub/self_collection/object_candidates_free/Home_Office/self_collection_Home_Office_62_4ecc1b5d.json objects=15
WROTE annotation_hub/self_collection/object_candidates_free/Home_Office/self_collection_Home_Office_63_fb347991.json objects=15
WROTE annotation_hub/self_collection/object_candidates_free/Home_Office/self_collection_Home_Office_64_681b7fb4.json objects=15
WROTE annotation_hub/self_collection/object_candidates_free/Home_Office/self_collection_Home_Office_65_13b577cf.json objects=15
WROTE annotation_hub/self_collection/object_candidates_free/Home_Office/self_collection_Home_Office_66_df05b909.json objects=15
WROTE annotation_hub/self_collection/object_candidates_free/Home_Office/self_collection_Home_Office_67_36cbba64.json objects=15
WROTE annotation_hub/self_collection/object_candidates_free/Home_Office/self_collection_Home_Office_68_b38fbd6c.json objects=15
WROTE annotation_hub/self_collection/object_candidates_free/Home_Office/self_collection_Home_Office_69_5831f010.json objects=15
WROTE annotation_hub/self_collection/object_candidates_free/Home_Office/self_collection_Home_Office_70_cbfca504.json objects=15
WROTE annotation_hub/self_collection/object_candidates_free/Home_Office/self_collection_Home_Office_71_712a088d.json objects=15
WROTE annotation_hub/self_collection/object_candidates_free/Home_Office/self_collection_Home_Office_72_e3e3c9dc.json objects=15
WROTE annotation_hub/self_collection/object_candidates_free/Home_Office/self_collection_Home_Office_73_185eb7bd.json objects=15
WROTE annotation_hub/self_collection/object_candidates_free/Home_Office/self_collection_Home_Office_74_2fc99fd2.json objects=15
WROTE annotation_hub/self_collection/object_candidates_free/Home_Office/self_collection_Home_Office_75_ea92367c.json objects=15
WROTE annotation_hub/self_collection/object_candidates_free/Home_Office/self_collection_Home_Office_76_b7b097b5.json objects=15
WROTE annotation_hub/self_collection/object_candidates_free/Home_Office/self_collection_Home_Office_77_13a8ddde.json objects=15
WROTE annotation_hub/self_collection/object_candidates_free/Home_Office/self_collection_Home_Office_78_cdfa2305.json objects=15
WROTE annotation_hub/self_collection/object_candidates_free/Home_Office/self_collection_Home_Office_79_8849faae.json objects=15
WROTE annotation_hub/self_collection/object_candidates_free/Home_Office/self_collection_Home_Office_80_adc7056b.json objects=15
WROTE annotation_hub/self_collection/object_candidates_free/Home_Office/self_collection_Home_Office_81_8e9816c7.json objects=15
WROTE annotation_hub/self_collection/object_candidates_free/Home_Office/self_collection_Home_Office_82_6011bb57.json objects=15
WROTE annotation_hub/self_collection/object_candidates_free/Home_Office/self_collection_Home_Office_83_b7ad5667.json objects=15
WROTE annotation_hub/self_collection/object_candidates_free/Home_Office/self_collection_Home_Office_84_62aa7be3.json objects=15
WROTE annotation_hub/self_collection/object_candidates_free/Home_Office/self_collection_Home_Office_85_d54384d6.json objects=15
WROTE annotation_hub/self_collection/object_candidates_free/Home_Office/self_collection_Home_Office_86_a4ce4733.json objects=15
WROTE annotation_hub/self_collection/object_candidates_free/Home_Office/self_collection_Home_Office_87_997905d8.json objects=15
WROTE annotation_hub/self_collection/object_candidates_free/Home_Office/self_collection_Home_Office_88_ae5c1371.json objects=15
WROTE annotation_hub/self_collection/object_candidates_free/Home_Office/self_collection_Home_Office_89_1e6f6144.json objects=15
WROTE annotation_hub/self_collection/object_candidates_free/Home_Office/self_collection_Home_Office_90_aba15f1d.json objects=15
WROTE annotation_hub/self_collection/object_candidates_free/Home_Office/self_collection_Home_Office_91_2e4fccfe.json objects=15
WROTE annotation_hub/self_collection/object_candidates_free/Home_Office/self_collection_Home_Office_92_a729fd8d.json objects=15
WROTE annotation_hub/self_collection/object_candidates_free/Home_Office/self_collection_Home_Office_93_65aac7ce.json objects=15
WROTE annotation_hub/self_collection/object_candidates_free/Home_Office/self_collection_Home_Office_94_46c79f36.json objects=15
WROTE annotation_hub/self_collection/object_candidates_free/Home_Office/self_collection_Home_Office_95_ae7b859d.json objects=15
WROTE annotation_hub/self_collection/object_candidates_free/Home_Office/self_collection_Home_Office_96_87672eb2.json objects=15
WROTE annotation_hub/self_collection/object_candidates_free/Home_Office/self_collection_Home_Office_97_026e1ff0.json objects=15
WROTE annotation_hub/self_collection/object_candidates_free/Home_Office/self_collection_Home_Office_98_7014649d.json objects=15
WROTE annotation_hub/self_collection/object_candidates_free/Home_Office/self_collection_Home_Office_99_bf025e3a.json objects=15
WROTE annotation_hub/self_collection/object_candidates_free/Kitchen/self_collection_Kitchen_0_883f4a1e.json objects=15
WROTE annotation_hub/self_collection/object_candidates_free/Kitchen/self_collection_Kitchen_1_9e197250.json objects=15
WROTE annotation_hub/self_collection/object_candidates_free/Kitchen/self_collection_Kitchen_2_13a1b13e.json objects=15
WROTE annotation_hub/self_collection/object_candidates_free/Kitchen/self_collection_Kitchen_3_890d75b5.json objects=15
WROTE annotation_hub/self_collection/object_candidates_free/Kitchen/self_collection_Kitchen_4_573a48c9.json objects=15
WROTE annotation_hub/self_collection/object_candidates_free/Kitchen/self_collection_Kitchen_5_3062646d.json objects=15
WROTE annotation_hub/self_collection/object_candidates_free/Kitchen/self_collection_Kitchen_6_ef95eae4.json objects=15
WROTE annotation_hub/self_collection/object_candidates_free/Kitchen/self_collection_Kitchen_7_a68f5f15.json objects=15
WROTE annotation_hub/self_collection/object_candidates_free/Kitchen/self_collection_Kitchen_8_52ee739d.json objects=15
WROTE annotation_hub/self_collection/object_candidates_free/Kitchen/self_collection_Kitchen_9_1e682db3.json objects=15
WROTE annotation_hub/self_collection/object_candidates_free/Kitchen/self_collection_Kitchen_10_61dda6e0.json objects=15
WROTE annotation_hub/self_collection/object_candidates_free/Kitchen/self_collection_Kitchen_11_19459d17.json objects=15
WROTE annotation_hub/self_collection/object_candidates_free/Kitchen/self_collection_Kitchen_12_5916fb50.json objects=15
WROTE annotation_hub/self_collection/object_candidates_free/Kitchen/self_collection_Kitchen_13_307e37c8.json objects=15
WROTE annotation_hub/self_collection/object_candidates_free/Kitchen/self_collection_Kitchen_14_54677ebb.json objects=15
WROTE annotation_hub/self_collection/object_candidates_free/Kitchen/self_collection_Kitchen_15_a72cd5af.json objects=15
WROTE annotation_hub/self_collection/object_candidates_free/Kitchen/self_collection_Kitchen_16_08c3d06b.json objects=15
WROTE annotation_hub/self_collection/object_candidates_free/Kitchen/self_collection_Kitchen_17_14a4ad2e.json objects=15
WROTE annotation_hub/self_collection/object_candidates_free/Kitchen/self_collection_Kitchen_18_04d220d5.json objects=15
WROTE annotation_hub/self_collection/object_candidates_free/Kitchen/self_collection_Kitchen_19_aef19bc7.json objects=15
WROTE annotation_hub/self_collection/object_candidates_free/Kitchen/self_collection_Kitchen_20_9d01cad3.json objects=15
WROTE annotation_hub/self_collection/object_candidates_free/Kitchen/self_collection_Kitchen_21_c77cf6ab.json objects=15
WROTE annotation_hub/self_collection/object_candidates_free/Kitchen/self_collection_Kitchen_22_91e66f1e.json objects=15
WROTE annotation_hub/self_collection/object_candidates_free/Kitchen/self_collection_Kitchen_23_33c0352a.json objects=15
WROTE annotation_hub/self_collection/object_candidates_free/Kitchen/self_collection_Kitchen_24_cec3734b.json objects=15
WROTE annotation_hub/self_collection/object_candidates_free/Kitchen/self_collection_Kitchen_25_876e92e8.json objects=15
WROTE annotation_hub/self_collection/object_candidates_free/Kitchen/self_collection_Kitchen_26_193fea8a.json objects=15
WROTE annotation_hub/self_collection/object_candidates_free/Kitchen/self_collection_Kitchen_27_d08d4d76.json objects=15
WROTE annotation_hub/self_collection/object_candidates_free/Kitchen/self_collection_Kitchen_28_1c241353.json objects=15
WROTE annotation_hub/self_collection/object_candidates_free/Kitchen/self_collection_Kitchen_29_99a0e86e.json objects=15
WROTE annotation_hub/self_collection/object_candidates_free/Kitchen/self_collection_Kitchen_30_e855fa71.json objects=15
WROTE annotation_hub/self_collection/object_candidates_free/Kitchen/self_collection_Kitchen_31_88a7fb6a.json objects=15
WROTE annotation_hub/self_collection/object_candidates_free/Kitchen/self_collection_Kitchen_32_d223ea24.json objects=15
WROTE annotation_hub/self_collection/object_candidates_free/Kitchen/self_collection_Kitchen_33_d3f4c0a1.json objects=15
WROTE annotation_hub/self_collection/object_candidates_free/Kitchen/self_collection_Kitchen_34_3b2f5bc3.json objects=15
WROTE annotation_hub/self_collection/object_candidates_free/Kitchen/self_collection_Kitchen_35_73048ab5.json objects=15
WROTE annotation_hub/self_collection/object_candidates_free/Kitchen/self_collection_Kitchen_36_755f8109.json objects=15
WROTE annotation_hub/self_collection/object_candidates_free/Kitchen/self_collection_Kitchen_37_4236fffe.json objects=15
WROTE annotation_hub/self_collection/object_candidates_free/Kitchen/self_collection_Kitchen_38_79b54287.json objects=15
WROTE annotation_hub/self_collection/object_candidates_free/Kitchen/self_collection_Kitchen_39_61fbe0c8.json objects=15
WROTE annotation_hub/self_collection/object_candidates_free/Kitchen/self_collection_Kitchen_40_29c18795.json objects=15
WROTE annotation_hub/self_collection/object_candidates_free/Kitchen/self_collection_Kitchen_41_ac3b5e92.json objects=15
WROTE annotation_hub/self_collection/object_candidates_free/Kitchen/self_collection_Kitchen_42_3977810c.json objects=15
WROTE annotation_hub/self_collection/object_candidates_free/Kitchen/self_collection_Kitchen_43_06afa78f.json objects=15
WROTE annotation_hub/self_collection/object_candidates_free/Kitchen/self_collection_Kitchen_44_71a9dc8d.json objects=15
WROTE annotation_hub/self_collection/object_candidates_free/Kitchen/self_collection_Kitchen_45_873e4a7c.json objects=15
WROTE annotation_hub/self_collection/object_candidates_free/Kitchen/self_collection_Kitchen_46_be249ea2.json objects=15
WROTE annotation_hub/self_collection/object_candidates_free/Kitchen/self_collection_Kitchen_47_338be477.json objects=15
WROTE annotation_hub/self_collection/object_candidates_free/Kitchen/self_collection_Kitchen_48_373ccdf4.json objects=15
WROTE annotation_hub/self_collection/object_candidates_free/Kitchen/self_collection_Kitchen_49_0b85023e.json objects=15
WROTE annotation_hub/self_collection/object_candidates_free/Kitchen/self_collection_Kitchen_50_ee902b20.json objects=15
WROTE annotation_hub/self_collection/object_candidates_free/Kitchen/self_collection_Kitchen_51_e9752c68.json objects=15
WROTE annotation_hub/self_collection/object_candidates_free/Kitchen/self_collection_Kitchen_52_b6a0e3d0.json objects=15
WROTE annotation_hub/self_collection/object_candidates_free/Kitchen/self_collection_Kitchen_53_ee97b184.json objects=15
WROTE annotation_hub/self_collection/object_candidates_free/Kitchen/self_collection_Kitchen_54_02a6c722.json objects=15
WROTE annotation_hub/self_collection/object_candidates_free/Kitchen/self_collection_Kitchen_55_0b2516f8.json objects=15
WROTE annotation_hub/self_collection/object_candidates_free/Kitchen/self_collection_Kitchen_56_c0e2db4c.json objects=15
WROTE annotation_hub/self_collection/object_candidates_free/Kitchen/self_collection_Kitchen_57_67dc51ef.json objects=15
WROTE annotation_hub/self_collection/object_candidates_free/Kitchen/self_collection_Kitchen_58_eeafa0e3.json objects=15
WROTE annotation_hub/self_collection/object_candidates_free/Kitchen/self_collection_Kitchen_59_b56d9b37.json objects=15
WROTE annotation_hub/self_collection/object_candidates_free/Kitchen/self_collection_Kitchen_60_4cdcde20.json objects=15
WROTE annotation_hub/self_collection/object_candidates_free/Kitchen/self_collection_Kitchen_61_20e60eb7.json objects=15
WROTE annotation_hub/self_collection/object_candidates_free/Kitchen/self_collection_Kitchen_62_f1414f4d.json objects=15
WROTE annotation_hub/self_collection/object_candidates_free/Kitchen/self_collection_Kitchen_63_fc537b29.json objects=15
WROTE annotation_hub/self_collection/object_candidates_free/Kitchen/self_collection_Kitchen_64_bdc0cefd.json objects=15
WROTE annotation_hub/self_collection/object_candidates_free/Kitchen/self_collection_Kitchen_65_042fdb50.json objects=15
WROTE annotation_hub/self_collection/object_candidates_free/Kitchen/self_collection_Kitchen_66_a6871648.json objects=15
WROTE annotation_hub/self_collection/object_candidates_free/Kitchen/self_collection_Kitchen_67_858465cf.json objects=15
WROTE annotation_hub/self_collection/object_candidates_free/Kitchen/self_collection_Kitchen_68_1be62895.json objects=15
WROTE annotation_hub/self_collection/object_candidates_free/Kitchen/self_collection_Kitchen_69_a6ff14f3.json objects=15
WROTE annotation_hub/self_collection/object_candidates_free/Kitchen/self_collection_Kitchen_70_0ec475fb.json objects=15
WROTE annotation_hub/self_collection/object_candidates_free/Kitchen/self_collection_Kitchen_71_5f545f61.json objects=15
WROTE annotation_hub/self_collection/object_candidates_free/Kitchen/self_collection_Kitchen_72_2dc9b2d6.json objects=15
WROTE annotation_hub/self_collection/object_candidates_free/Kitchen/self_collection_Kitchen_73_dff2be58.json objects=15
WROTE annotation_hub/self_collection/object_candidates_free/Kitchen/self_collection_Kitchen_74_a035eaaf.json objects=15
WROTE annotation_hub/self_collection/object_candidates_free/Kitchen/self_collection_Kitchen_75_551a5723.json objects=15
WROTE annotation_hub/self_collection/object_candidates_free/Kitchen/self_collection_Kitchen_76_6c21d94e.json objects=15
WROTE annotation_hub/self_collection/object_candidates_free/Kitchen/self_collection_Kitchen_77_8d35e6d0.json objects=15
WROTE annotation_hub/self_collection/object_candidates_free/Kitchen/self_collection_Kitchen_78_4146f88f.json objects=15
WROTE annotation_hub/self_collection/object_candidates_free/Kitchen/self_collection_Kitchen_79_9bb5423b.json objects=15
WROTE annotation_hub/self_collection/object_candidates_free/Kitchen/self_collection_Kitchen_80_3231cb6b.json objects=15
WROTE annotation_hub/self_collection/object_candidates_free/Kitchen/self_collection_Kitchen_81_5dcb2d07.json objects=15
WROTE annotation_hub/self_collection/object_candidates_free/Kitchen/self_collection_Kitchen_82_cf7de4c9.json objects=15
WROTE annotation_hub/self_collection/object_candidates_free/Kitchen/self_collection_Kitchen_83_13ae5d4c.json objects=15
WROTE annotation_hub/self_collection/object_candidates_free/Kitchen/self_collection_Kitchen_84_1c94ed3f.json objects=15
WROTE annotation_hub/self_collection/object_candidates_free/Kitchen/self_collection_Kitchen_85_39abd958.json objects=15
WROTE annotation_hub/self_collection/object_candidates_free/Kitchen/self_collection_Kitchen_86_e4da4cfa.json objects=15
WROTE annotation_hub/self_collection/object_candidates_free/Kitchen/self_collection_Kitchen_87_8bfe19ff.json objects=15
WROTE annotation_hub/self_collection/object_candidates_free/Kitchen/self_collection_Kitchen_88_20d0e63c.json objects=15
WROTE annotation_hub/self_collection/object_candidates_free/Kitchen/self_collection_Kitchen_89_fcbbf04d.json objects=15
WROTE annotation_hub/self_collection/object_candidates_free/Kitchen/self_collection_Kitchen_90_f6a74375.json objects=15
WROTE annotation_hub/self_collection/object_candidates_free/Kitchen/self_collection_Kitchen_91_7483674f.json objects=15
WROTE annotation_hub/self_collection/object_candidates_free/Kitchen/self_collection_Kitchen_92_59ed335b.json objects=15
WROTE annotation_hub/self_collection/object_candidates_free/Kitchen/self_collection_Kitchen_93_430cc5a9.json objects=15
WROTE annotation_hub/self_collection/object_candidates_free/Kitchen/self_collection_Kitchen_94_e2e7383a.json objects=15
WROTE annotation_hub/self_collection/object_candidates_free/Kitchen/self_collection_Kitchen_95_e8d13fad.json objects=15
WROTE annotation_hub/self_collection/object_candidates_free/Kitchen/self_collection_Kitchen_96_af081c7c.json objects=15
WROTE annotation_hub/self_collection/object_candidates_free/Kitchen/self_collection_Kitchen_97_1ecebd46.json objects=15
WROTE annotation_hub/self_collection/object_candidates_free/Kitchen/self_collection_Kitchen_98_97d02ff1.json objects=15
WROTE annotation_hub/self_collection/object_candidates_free/Kitchen/self_collection_Kitchen_99_19c83be3.json objects=15
WROTE annotation_hub/self_collection/object_candidates_free/Living_Room/self_collection_Living_Room_0_6dd9695b.json objects=15
WROTE annotation_hub/self_collection/object_candidates_free/Living_Room/self_collection_Living_Room_1_92b0ef48.json objects=15
WROTE annotation_hub/self_collection/object_candidates_free/Living_Room/self_collection_Living_Room_2_29586da3.json objects=15
WROTE annotation_hub/self_collection/object_candidates_free/Living_Room/self_collection_Living_Room_3_f55afefe.json objects=15
WROTE annotation_hub/self_collection/object_candidates_free/Living_Room/self_collection_Living_Room_4_b1698021.json objects=15
WROTE annotation_hub/self_collection/object_candidates_free/Living_Room/self_collection_Living_Room_5_ed54a799.json objects=15
WROTE annotation_hub/self_collection/object_candidates_free/Living_Room/self_collection_Living_Room_6_eff596c4.json objects=15
WROTE annotation_hub/self_collection/object_candidates_free/Living_Room/self_collection_Living_Room_7_6a029eae.json objects=15
WROTE annotation_hub/self_collection/object_candidates_free/Living_Room/self_collection_Living_Room_8_18216411.json objects=15
WROTE annotation_hub/self_collection/object_candidates_free/Living_Room/self_collection_Living_Room_9_594544de.json objects=15
WROTE annotation_hub/self_collection/object_candidates_free/Living_Room/self_collection_Living_Room_10_9d4c028d.json objects=15
WROTE annotation_hub/self_collection/object_candidates_free/Living_Room/self_collection_Living_Room_11_e05bbfc0.json objects=15
WROTE annotation_hub/self_collection/object_candidates_free/Living_Room/self_collection_Living_Room_12_a4c0b245.json objects=15
WROTE annotation_hub/self_collection/object_candidates_free/Living_Room/self_collection_Living_Room_13_e147be59.json objects=15
WROTE annotation_hub/self_collection/object_candidates_free/Living_Room/self_collection_Living_Room_14_dca40588.json objects=15
WROTE annotation_hub/self_collection/object_candidates_free/Living_Room/self_collection_Living_Room_15_a3a627bd.json objects=15
WROTE annotation_hub/self_collection/object_candidates_free/Living_Room/self_collection_Living_Room_16_28755c28.json objects=15
WROTE annotation_hub/self_collection/object_candidates_free/Living_Room/self_collection_Living_Room_17_8f3935a5.json objects=15
WROTE annotation_hub/self_collection/object_candidates_free/Living_Room/self_collection_Living_Room_18_0d3e94c6.json objects=15
WROTE annotation_hub/self_collection/object_candidates_free/Living_Room/self_collection_Living_Room_19_8dd49833.json objects=15
WROTE annotation_hub/self_collection/object_candidates_free/Living_Room/self_collection_Living_Room_20_407005c2.json objects=15
WROTE annotation_hub/self_collection/object_candidates_free/Living_Room/self_collection_Living_Room_21_30c049f4.json objects=15
WROTE annotation_hub/self_collection/object_candidates_free/Living_Room/self_collection_Living_Room_22_b7341172.json objects=15
WROTE annotation_hub/self_collection/object_candidates_free/Living_Room/self_collection_Living_Room_23_f163784d.json objects=15
WROTE annotation_hub/self_collection/object_candidates_free/Living_Room/self_collection_Living_Room_24_f1428af3.json objects=15
WROTE annotation_hub/self_collection/object_candidates_free/Living_Room/self_collection_Living_Room_25_1109d420.json objects=15
WROTE annotation_hub/self_collection/object_candidates_free/Living_Room/self_collection_Living_Room_26_6bbd98b3.json objects=15
WROTE annotation_hub/self_collection/object_candidates_free/Living_Room/self_collection_Living_Room_27_6b5dbc98.json objects=15
WROTE annotation_hub/self_collection/object_candidates_free/Living_Room/self_collection_Living_Room_28_dd2bca91.json objects=15
WROTE annotation_hub/self_collection/object_candidates_free/Living_Room/self_collection_Living_Room_29_c60bdb5d.json objects=15
WROTE annotation_hub/self_collection/object_candidates_free/Living_Room/self_collection_Living_Room_30_d00f93c9.json objects=15
WROTE annotation_hub/self_collection/object_candidates_free/Living_Room/self_collection_Living_Room_31_d6400827.json objects=15
WROTE annotation_hub/self_collection/object_candidates_free/Living_Room/self_collection_Living_Room_32_ca8757c2.json objects=15
WROTE annotation_hub/self_collection/object_candidates_free/Living_Room/self_collection_Living_Room_33_25d0e527.json objects=15
WROTE annotation_hub/self_collection/object_candidates_free/Living_Room/self_collection_Living_Room_34_639b01d0.json objects=15
WROTE annotation_hub/self_collection/object_candidates_free/Living_Room/self_collection_Living_Room_35_aa7d5380.json objects=15
WROTE annotation_hub/self_collection/object_candidates_free/Living_Room/self_collection_Living_Room_36_c381da0e.json objects=15
WROTE annotation_hub/self_collection/object_candidates_free/Living_Room/self_collection_Living_Room_37_b34b0ce3.json objects=15
WROTE annotation_hub/self_collection/object_candidates_free/Living_Room/self_collection_Living_Room_38_2acd35cd.json objects=15
WROTE annotation_hub/self_collection/object_candidates_free/Living_Room/self_collection_Living_Room_39_a3774972.json objects=15
WROTE annotation_hub/self_collection/object_candidates_free/Living_Room/self_collection_Living_Room_40_250813fc.json objects=15
WROTE annotation_hub/self_collection/object_candidates_free/Living_Room/self_collection_Living_Room_41_12ed8f3e.json objects=15
WROTE annotation_hub/self_collection/object_candidates_free/Living_Room/self_collection_Living_Room_42_81994865.json objects=15
WROTE annotation_hub/self_collection/object_candidates_free/Living_Room/self_collection_Living_Room_43_e12ffc66.json objects=15
WROTE annotation_hub/self_collection/object_candidates_free/Living_Room/self_collection_Living_Room_44_e7b3f833.json objects=15
WROTE annotation_hub/self_collection/object_candidates_free/Living_Room/self_collection_Living_Room_45_e5145576.json objects=15
WROTE annotation_hub/self_collection/object_candidates_free/Living_Room/self_collection_Living_Room_46_49f16081.json objects=15
WROTE annotation_hub/self_collection/object_candidates_free/Living_Room/self_collection_Living_Room_47_e0b289f0.json objects=15
WROTE annotation_hub/self_collection/object_candidates_free/Living_Room/self_collection_Living_Room_48_bf3311b3.json objects=15
WROTE annotation_hub/self_collection/object_candidates_free/Living_Room/self_collection_Living_Room_49_07b38442.json objects=15
WROTE annotation_hub/self_collection/object_candidates_free/Living_Room/self_collection_Living_Room_50_556d4701.json objects=15
WROTE annotation_hub/self_collection/object_candidates_free/Living_Room/self_collection_Living_Room_51_78d4c621.json objects=15
WROTE annotation_hub/self_collection/object_candidates_free/Living_Room/self_collection_Living_Room_52_f5051658.json objects=15
WROTE annotation_hub/self_collection/object_candidates_free/Living_Room/self_collection_Living_Room_53_f5417df8.json objects=15
WROTE annotation_hub/self_collection/object_candidates_free/Living_Room/self_collection_Living_Room_54_f1224739.json objects=15
WROTE annotation_hub/self_collection/object_candidates_free/Living_Room/self_collection_Living_Room_55_9d042a64.json objects=15
WROTE annotation_hub/self_collection/object_candidates_free/Living_Room/self_collection_Living_Room_56_2b8b7264.json objects=15
WROTE annotation_hub/self_collection/object_candidates_free/Living_Room/self_collection_Living_Room_57_f0f840b1.json objects=15
WROTE annotation_hub/self_collection/object_candidates_free/Living_Room/self_collection_Living_Room_58_88bfdfc2.json objects=15
WROTE annotation_hub/self_collection/object_candidates_free/Living_Room/self_collection_Living_Room_59_2fc57575.json objects=15
WROTE annotation_hub/self_collection/object_candidates_free/Living_Room/self_collection_Living_Room_60_06179c8b.json objects=15
WROTE annotation_hub/self_collection/object_candidates_free/Living_Room/self_collection_Living_Room_61_3369a7eb.json objects=15
WROTE annotation_hub/self_collection/object_candidates_free/Living_Room/self_collection_Living_Room_62_28f503a5.json objects=15
WROTE annotation_hub/self_collection/object_candidates_free/Living_Room/self_collection_Living_Room_63_0a2dbab8.json objects=15
WROTE annotation_hub/self_collection/object_candidates_free/Living_Room/self_collection_Living_Room_64_e55e2e56.json objects=15
WROTE annotation_hub/self_collection/object_candidates_free/Living_Room/self_collection_Living_Room_65_549459ab.json objects=15
WROTE annotation_hub/self_collection/object_candidates_free/Living_Room/self_collection_Living_Room_66_dae82849.json objects=15
WROTE annotation_hub/self_collection/object_candidates_free/Living_Room/self_collection_Living_Room_67_3249b04a.json objects=15
WROTE annotation_hub/self_collection/object_candidates_free/Living_Room/self_collection_Living_Room_68_32f4a30f.json objects=15
WROTE annotation_hub/self_collection/object_candidates_free/Living_Room/self_collection_Living_Room_69_563edd5f.json objects=15
WROTE annotation_hub/self_collection/object_candidates_free/Living_Room/self_collection_Living_Room_70_17bc7315.json objects=15
WROTE annotation_hub/self_collection/object_candidates_free/Living_Room/self_collection_Living_Room_71_3b841561.json objects=15
WROTE annotation_hub/self_collection/object_candidates_free/Living_Room/self_collection_Living_Room_72_a4c1f32e.json objects=15
WROTE annotation_hub/self_collection/object_candidates_free/Living_Room/self_collection_Living_Room_73_ce125950.json objects=15
WROTE annotation_hub/self_collection/object_candidates_free/Living_Room/self_collection_Living_Room_74_8d56c625.json objects=15
WROTE annotation_hub/self_collection/object_candidates_free/Living_Room/self_collection_Living_Room_75_26ab00bd.json objects=15
WROTE annotation_hub/self_collection/object_candidates_free/Living_Room/self_collection_Living_Room_76_7ecb1fac.json objects=15
WROTE annotation_hub/self_collection/object_candidates_free/Living_Room/self_collection_Living_Room_77_e76978a3.json objects=15
WROTE annotation_hub/self_collection/object_candidates_free/Living_Room/self_collection_Living_Room_78_408cd413.json objects=15
WROTE annotation_hub/self_collection/object_candidates_free/Living_Room/self_collection_Living_Room_79_47720f32.json objects=15
WROTE annotation_hub/self_collection/object_candidates_free/Living_Room/self_collection_Living_Room_80_e7227224.json objects=15
WROTE annotation_hub/self_collection/object_candidates_free/Living_Room/self_collection_Living_Room_81_5bb6c9da.json objects=15
WROTE annotation_hub/self_collection/object_candidates_free/Living_Room/self_collection_Living_Room_82_5e0dc558.json objects=15
WROTE annotation_hub/self_collection/object_candidates_free/Living_Room/self_collection_Living_Room_83_6465aa53.json objects=15
WROTE annotation_hub/self_collection/object_candidates_free/Living_Room/self_collection_Living_Room_84_12dbdbb7.json objects=15
WROTE annotation_hub/self_collection/object_candidates_free/Living_Room/self_collection_Living_Room_85_104600b8.json objects=15
WROTE annotation_hub/self_collection/object_candidates_free/Living_Room/self_collection_Living_Room_86_1455fa10.json objects=15
WROTE annotation_hub/self_collection/object_candidates_free/Living_Room/self_collection_Living_Room_87_94d8777d.json objects=15
WROTE annotation_hub/self_collection/object_candidates_free/Living_Room/self_collection_Living_Room_88_5694847c.json objects=15
WROTE annotation_hub/self_collection/object_candidates_free/Living_Room/self_collection_Living_Room_89_cb753cfa.json objects=15
WROTE annotation_hub/self_collection/object_candidates_free/Living_Room/self_collection_Living_Room_90_acd01603.json objects=15
WROTE annotation_hub/self_collection/object_candidates_free/Living_Room/self_collection_Living_Room_91_9b45510a.json objects=15
WROTE annotation_hub/self_collection/object_candidates_free/Living_Room/self_collection_Living_Room_92_1b37e828.json objects=15
WROTE annotation_hub/self_collection/object_candidates_free/Living_Room/self_collection_Living_Room_93_198420fa.json objects=15
WROTE annotation_hub/self_collection/object_candidates_free/Living_Room/self_collection_Living_Room_94_7c88188d.json objects=15
WROTE annotation_hub/self_collection/object_candidates_free/Living_Room/self_collection_Living_Room_95_4ed2d17d.json objects=15
WROTE annotation_hub/self_collection/object_candidates_free/Living_Room/self_collection_Living_Room_96_aaadb42e.json objects=15
WROTE annotation_hub/self_collection/object_candidates_free/Living_Room/self_collection_Living_Room_97_914b8a50.json objects=15
WROTE annotation_hub/self_collection/object_candidates_free/Living_Room/self_collection_Living_Room_98_2bb1aa6a.json objects=15
WROTE annotation_hub/self_collection/object_candidates_free/Living_Room/self_collection_Living_Room_99_f77afd7b.json objects=15
WROTE annotation_hub/self_collection/object_candidates_free/Storage_Room/self_collection_Storage_Room_0_d05782c0.json objects=15
WROTE annotation_hub/self_collection/object_candidates_free/Storage_Room/self_collection_Storage_Room_1_925ff184.json objects=15
WROTE annotation_hub/self_collection/object_candidates_free/Storage_Room/self_collection_Storage_Room_2_4d65e233.json objects=15
WROTE annotation_hub/self_collection/object_candidates_free/Storage_Room/self_collection_Storage_Room_3_1d5d12a6.json objects=15
WROTE annotation_hub/self_collection/object_candidates_free/Storage_Room/self_collection_Storage_Room_4_ed1867fe.json objects=15
WROTE annotation_hub/self_collection/object_candidates_free/Storage_Room/self_collection_Storage_Room_5_6bf2cb90.json objects=15
WROTE annotation_hub/self_collection/object_candidates_free/Storage_Room/self_collection_Storage_Room_6_f0b96f02.json objects=15
WROTE annotation_hub/self_collection/object_candidates_free/Storage_Room/self_collection_Storage_Room_7_b06f261b.json objects=15
WROTE annotation_hub/self_collection/object_candidates_free/Storage_Room/self_collection_Storage_Room_8_d07eec2f.json objects=15
WROTE annotation_hub/self_collection/object_candidates_free/Storage_Room/self_collection_Storage_Room_9_2e717400.json objects=15
WROTE annotation_hub/self_collection/object_candidates_free/Storage_Room/self_collection_Storage_Room_10_0e660543.json objects=13
WROTE annotation_hub/self_collection/object_candidates_free/Storage_Room/self_collection_Storage_Room_11_683d19c7.json objects=15
WROTE annotation_hub/self_collection/object_candidates_free/Storage_Room/self_collection_Storage_Room_12_b6748572.json objects=13
WROTE annotation_hub/self_collection/object_candidates_free/Storage_Room/self_collection_Storage_Room_13_c5ce3801.json objects=14
WROTE annotation_hub/self_collection/object_candidates_free/Storage_Room/self_collection_Storage_Room_14_81f81983.json objects=15
WROTE annotation_hub/self_collection/object_candidates_free/Storage_Room/self_collection_Storage_Room_15_e865d354.json objects=12
WROTE annotation_hub/self_collection/object_candidates_free/Storage_Room/self_collection_Storage_Room_16_bb1f178a.json objects=15
WROTE annotation_hub/self_collection/object_candidates_free/Storage_Room/self_collection_Storage_Room_17_4e291a73.json objects=5
WROTE annotation_hub/self_collection/object_candidates_free/Storage_Room/self_collection_Storage_Room_18_df7e6b8e.json objects=12
WROTE annotation_hub/self_collection/object_candidates_free/Storage_Room/self_collection_Storage_Room_19_0344d545.json objects=15
WROTE annotation_hub/self_collection/object_candidates_free/Storage_Room/self_collection_Storage_Room_20_735d4fcf.json objects=15
WROTE annotation_hub/self_collection/object_candidates_free/Storage_Room/self_collection_Storage_Room_21_f288e9eb.json objects=15
WROTE annotation_hub/self_collection/object_candidates_free/Storage_Room/self_collection_Storage_Room_22_53bb2c69.json objects=15
WROTE annotation_hub/self_collection/object_candidates_free/Storage_Room/self_collection_Storage_Room_23_fdb30631.json objects=15
WROTE annotation_hub/self_collection/object_candidates_free/Storage_Room/self_collection_Storage_Room_24_142f3cc7.json objects=14
WROTE annotation_hub/self_collection/object_candidates_free/Storage_Room/self_collection_Storage_Room_25_e4904f8b.json objects=15
WROTE annotation_hub/self_collection/object_candidates_free/Storage_Room/self_collection_Storage_Room_26_b5f00fe7.json objects=15
WROTE annotation_hub/self_collection/object_candidates_free/Storage_Room/self_collection_Storage_Room_27_fd8d50e1.json objects=12
WROTE annotation_hub/self_collection/object_candidates_free/Storage_Room/self_collection_Storage_Room_28_9b4627eb.json objects=15
WROTE annotation_hub/self_collection/object_candidates_free/Storage_Room/self_collection_Storage_Room_29_74c6597a.json objects=15
WROTE annotation_hub/self_collection/object_candidates_free/Storage_Room/self_collection_Storage_Room_30_f94d748f.json objects=15
WROTE annotation_hub/self_collection/object_candidates_free/Storage_Room/self_collection_Storage_Room_31_becb9340.json objects=15
WROTE annotation_hub/self_collection/object_candidates_free/Storage_Room/self_collection_Storage_Room_32_c1801892.json objects=15
WROTE annotation_hub/self_collection/object_candidates_free/Storage_Room/self_collection_Storage_Room_33_cb1f2f83.json objects=15
WROTE annotation_hub/self_collection/object_candidates_free/Storage_Room/self_collection_Storage_Room_34_efcd9721.json objects=15
WROTE annotation_hub/self_collection/object_candidates_free/Storage_Room/self_collection_Storage_Room_35_fbe1a342.json objects=15
WROTE annotation_hub/self_collection/object_candidates_free/Storage_Room/self_collection_Storage_Room_36_a1e9e3bd.json objects=15
WROTE annotation_hub/self_collection/object_candidates_free/Storage_Room/self_collection_Storage_Room_37_3bddd9e5.json objects=15
WROTE annotation_hub/self_collection/object_candidates_free/Storage_Room/self_collection_Storage_Room_38_f337ab46.json objects=15
WROTE annotation_hub/self_collection/object_candidates_free/Storage_Room/self_collection_Storage_Room_39_60cc2543.json objects=14
WROTE annotation_hub/self_collection/object_candidates_free/Storage_Room/self_collection_Storage_Room_40_ca490bdf.json objects=15
WROTE annotation_hub/self_collection/object_candidates_free/Storage_Room/self_collection_Storage_Room_41_03742461.json objects=15
WROTE annotation_hub/self_collection/object_candidates_free/Storage_Room/self_collection_Storage_Room_42_b8e38c59.json objects=15
WROTE annotation_hub/self_collection/object_candidates_free/Storage_Room/self_collection_Storage_Room_43_f3fbbda9.json objects=14
WROTE annotation_hub/self_collection/object_candidates_free/Storage_Room/self_collection_Storage_Room_44_b0dcf70f.json objects=15
WROTE annotation_hub/self_collection/object_candidates_free/Storage_Room/self_collection_Storage_Room_45_a57fc5cb.json objects=15
WROTE annotation_hub/self_collection/object_candidates_free/Storage_Room/self_collection_Storage_Room_46_a3f276ff.json objects=15
WROTE annotation_hub/self_collection/object_candidates_free/Storage_Room/self_collection_Storage_Room_47_0b919e2b.json objects=15
WROTE annotation_hub/self_collection/object_candidates_free/Storage_Room/self_collection_Storage_Room_48_9404eac9.json objects=15
WROTE annotation_hub/self_collection/object_candidates_free/Storage_Room/self_collection_Storage_Room_49_683bed78.json objects=15
WROTE annotation_hub/self_collection/object_candidates_free/Storage_Room/self_collection_Storage_Room_50_aedeb87e.json objects=15
WROTE annotation_hub/self_collection/object_candidates_free/Storage_Room/self_collection_Storage_Room_51_6d25f559.json objects=15
WROTE annotation_hub/self_collection/object_candidates_free/Storage_Room/self_collection_Storage_Room_52_05cd7a58.json objects=15
WROTE annotation_hub/self_collection/object_candidates_free/Storage_Room/self_collection_Storage_Room_53_3fb8880b.json objects=13
WROTE annotation_hub/self_collection/object_candidates_free/Storage_Room/self_collection_Storage_Room_54_3a88f92f.json objects=13
WROTE annotation_hub/self_collection/object_candidates_free/Storage_Room/self_collection_Storage_Room_55_3249429a.json objects=15
WROTE annotation_hub/self_collection/object_candidates_free/Storage_Room/self_collection_Storage_Room_56_31c6fccf.json objects=15
WROTE annotation_hub/self_collection/object_candidates_free/Storage_Room/self_collection_Storage_Room_57_c9c23dc5.json objects=12
WROTE annotation_hub/self_collection/object_candidates_free/Storage_Room/self_collection_Storage_Room_58_b1045047.json objects=15
WROTE annotation_hub/self_collection/object_candidates_free/Storage_Room/self_collection_Storage_Room_59_4c556d4d.json objects=14
WROTE annotation_hub/self_collection/object_candidates_free/Storage_Room/self_collection_Storage_Room_60_a9b8d634.json objects=14
WROTE annotation_hub/self_collection/object_candidates_free/Storage_Room/self_collection_Storage_Room_61_67013269.json objects=14
WROTE annotation_hub/self_collection/object_candidates_free/Storage_Room/self_collection_Storage_Room_62_0b6d99d1.json objects=15
WROTE annotation_hub/self_collection/object_candidates_free/Storage_Room/self_collection_Storage_Room_63_c894288c.json objects=15
WROTE annotation_hub/self_collection/object_candidates_free/Storage_Room/self_collection_Storage_Room_64_25f7e7b1.json objects=15
WROTE annotation_hub/self_collection/object_candidates_free/Storage_Room/self_collection_Storage_Room_65_b0cd59ec.json objects=15
WROTE annotation_hub/self_collection/object_candidates_free/Storage_Room/self_collection_Storage_Room_66_5be105a3.json objects=15
WROTE annotation_hub/self_collection/object_candidates_free/Storage_Room/self_collection_Storage_Room_67_74633033.json objects=14
WROTE annotation_hub/self_collection/object_candidates_free/Storage_Room/self_collection_Storage_Room_68_8a3a0459.json objects=15
WROTE annotation_hub/self_collection/object_candidates_free/Storage_Room/self_collection_Storage_Room_69_aa8f3879.json objects=15
WROTE annotation_hub/self_collection/object_candidates_free/Storage_Room/self_collection_Storage_Room_70_234aeb79.json objects=15
WROTE annotation_hub/self_collection/object_candidates_free/Storage_Room/self_collection_Storage_Room_71_2edab7b4.json objects=15
WROTE annotation_hub/self_collection/object_candidates_free/Storage_Room/self_collection_Storage_Room_72_49ca10cf.json objects=14
WROTE annotation_hub/self_collection/object_candidates_free/Storage_Room/self_collection_Storage_Room_73_750483d0.json objects=15
WROTE annotation_hub/self_collection/object_candidates_free/Storage_Room/self_collection_Storage_Room_74_5e6a91b1.json objects=15
WROTE annotation_hub/self_collection/object_candidates_free/Storage_Room/self_collection_Storage_Room_75_3580cc7d.json objects=15
WROTE annotation_hub/self_collection/object_candidates_free/Storage_Room/self_collection_Storage_Room_76_93d05c63.json objects=15
WROTE annotation_hub/self_collection/object_candidates_free/Storage_Room/self_collection_Storage_Room_77_4e4ce0ed.json objects=15
WROTE annotation_hub/self_collection/object_candidates_free/Storage_Room/self_collection_Storage_Room_78_888b76ea.json objects=15
WROTE annotation_hub/self_collection/object_candidates_free/Storage_Room/self_collection_Storage_Room_79_89b33e2f.json objects=15
WROTE annotation_hub/self_collection/object_candidates_free/Storage_Room/self_collection_Storage_Room_80_ecaee8ec.json objects=15
WROTE annotation_hub/self_collection/object_candidates_free/Storage_Room/self_collection_Storage_Room_81_28c2204f.json objects=15
WROTE annotation_hub/self_collection/object_candidates_free/Storage_Room/self_collection_Storage_Room_82_7d414e62.json objects=15
WROTE annotation_hub/self_collection/object_candidates_free/Storage_Room/self_collection_Storage_Room_83_78b3fc4b.json objects=6
WROTE annotation_hub/self_collection/object_candidates_free/Storage_Room/self_collection_Storage_Room_84_84923dbd.json objects=15
WROTE annotation_hub/self_collection/object_candidates_free/Storage_Room/self_collection_Storage_Room_85_42cca869.json objects=15
WROTE annotation_hub/self_collection/object_candidates_free/Storage_Room/self_collection_Storage_Room_86_e3e8868f.json objects=15
WROTE annotation_hub/self_collection/object_candidates_free/Storage_Room/self_collection_Storage_Room_87_c095f354.json objects=15
WROTE annotation_hub/self_collection/object_candidates_free/Storage_Room/self_collection_Storage_Room_88_26436a95.json objects=15
WROTE annotation_hub/self_collection/object_candidates_free/Storage_Room/self_collection_Storage_Room_89_c0cc5e61.json objects=14
WROTE annotation_hub/self_collection/object_candidates_free/Storage_Room/self_collection_Storage_Room_90_e641e92f.json objects=15
WROTE annotation_hub/self_collection/object_candidates_free/Storage_Room/self_collection_Storage_Room_91_3301b95c.json objects=15
WROTE annotation_hub/self_collection/object_candidates_free/Storage_Room/self_collection_Storage_Room_92_f52b8865.json objects=15
WROTE annotation_hub/self_collection/object_candidates_free/Storage_Room/self_collection_Storage_Room_93_32838b2d.json objects=12
WROTE annotation_hub/self_collection/object_candidates_free/Storage_Room/self_collection_Storage_Room_94_fc285cc3.json objects=15
WROTE annotation_hub/self_collection/object_candidates_free/Storage_Room/self_collection_Storage_Room_95_e53b2417.json objects=15
WROTE annotation_hub/self_collection/object_candidates_free/Storage_Room/self_collection_Storage_Room_96_c7b9f9b8.json objects=15
WROTE annotation_hub/self_collection/object_candidates_free/Storage_Room/self_collection_Storage_Room_97_be50b745.json objects=15
WROTE annotation_hub/self_collection/object_candidates_free/Storage_Room/self_collection_Storage_Room_98_3f39d4f5.json objects=15
WROTE annotation_hub/self_collection/object_candidates_free/Storage_Room/self_collection_Storage_Room_99_58d0cf72.json objects=15
WROTE annotation_hub/self_collection/object_candidates_free/bathroom_table/self_collection_bathroom_table_0_c5965246.json objects=15
WROTE annotation_hub/self_collection/object_candidates_free/bathroom_table/self_collection_bathroom_table_1_6dc341f4.json objects=14
WROTE annotation_hub/self_collection/object_candidates_free/bathroom_table/self_collection_bathroom_table_2_da0b2665.json objects=15
WROTE annotation_hub/self_collection/object_candidates_free/bathroom_table/self_collection_bathroom_table_3_a1f271fc.json objects=15
WROTE annotation_hub/self_collection/object_candidates_free/bathroom_table/self_collection_bathroom_table_4_7acafc0a.json objects=15
WROTE annotation_hub/self_collection/object_candidates_free/bathroom_table/self_collection_bathroom_table_5_407cce73.json objects=15
WROTE annotation_hub/self_collection/object_candidates_free/bathroom_table/self_collection_bathroom_table_6_5068abdd.json objects=15
WROTE annotation_hub/self_collection/object_candidates_free/bathroom_table/self_collection_bathroom_table_7_b72382a0.json objects=15
WROTE annotation_hub/self_collection/object_candidates_free/bathroom_table/self_collection_bathroom_table_8_7ba1bb19.json objects=15
WROTE annotation_hub/self_collection/object_candidates_free/bathroom_table/self_collection_bathroom_table_9_e231cd4e.json objects=15
WROTE annotation_hub/self_collection/object_candidates_free/bathroom_table/self_collection_bathroom_table_10_0c4eeab3.json objects=15
WROTE annotation_hub/self_collection/object_candidates_free/bathroom_table/self_collection_bathroom_table_11_9d93cbc1.json objects=15
WROTE annotation_hub/self_collection/object_candidates_free/bathroom_table/self_collection_bathroom_table_12_ba4e4ba3.json objects=15
WROTE annotation_hub/self_collection/object_candidates_free/bathroom_table/self_collection_bathroom_table_13_cb3677a9.json objects=15
WROTE annotation_hub/self_collection/object_candidates_free/bathroom_table/self_collection_bathroom_table_14_fbc5f0ff.json objects=15
WROTE annotation_hub/self_collection/object_candidates_free/bathroom_table/self_collection_bathroom_table_15_62080779.json objects=15
WROTE annotation_hub/self_collection/object_candidates_free/bathroom_table/self_collection_bathroom_table_16_d9195afb.json objects=15
WROTE annotation_hub/self_collection/object_candidates_free/bathroom_table/self_collection_bathroom_table_17_d6de5633.json objects=11
WROTE annotation_hub/self_collection/object_candidates_free/bathroom_table/self_collection_bathroom_table_18_3277376e.json objects=15
WROTE annotation_hub/self_collection/object_candidates_free/bathroom_table/self_collection_bathroom_table_19_6bf8e779.json objects=15
WROTE annotation_hub/self_collection/object_candidates_free/bathroom_table/self_collection_bathroom_table_20_7d427330.json objects=15
WROTE annotation_hub/self_collection/object_candidates_free/bathroom_table/self_collection_bathroom_table_21_ceadeb92.json objects=15
WROTE annotation_hub/self_collection/object_candidates_free/bathroom_table/self_collection_bathroom_table_22_ff40235d.json objects=15
WROTE annotation_hub/self_collection/object_candidates_free/bathroom_table/self_collection_bathroom_table_23_936e7064.json objects=15
WROTE annotation_hub/self_collection/object_candidates_free/bathroom_table/self_collection_bathroom_table_24_5b3c2630.json objects=15
WROTE annotation_hub/self_collection/object_candidates_free/bathroom_table/self_collection_bathroom_table_25_6819dd69.json objects=15
WROTE annotation_hub/self_collection/object_candidates_free/bathroom_table/self_collection_bathroom_table_26_bce95e56.json objects=15
WROTE annotation_hub/self_collection/object_candidates_free/bathroom_table/self_collection_bathroom_table_27_f20baddc.json objects=15
WROTE annotation_hub/self_collection/object_candidates_free/bathroom_table/self_collection_bathroom_table_28_13b64000.json objects=15
WROTE annotation_hub/self_collection/object_candidates_free/bathroom_table/self_collection_bathroom_table_29_f9ebb571.json objects=15
WROTE annotation_hub/self_collection/object_candidates_free/bathroom_table/self_collection_bathroom_table_30_1d33d0c0.json objects=15
WROTE annotation_hub/self_collection/object_candidates_free/bathroom_table/self_collection_bathroom_table_31_e9ef1628.json objects=15
WROTE annotation_hub/self_collection/object_candidates_free/bathroom_table/self_collection_bathroom_table_32_f04fe102.json objects=6
WROTE annotation_hub/self_collection/object_candidates_free/bathroom_table/self_collection_bathroom_table_33_5811ae9d.json objects=15
WROTE annotation_hub/self_collection/object_candidates_free/bathroom_table/self_collection_bathroom_table_34_660bb853.json objects=13
WROTE annotation_hub/self_collection/object_candidates_free/bathroom_table/self_collection_bathroom_table_35_3365d922.json objects=15
WROTE annotation_hub/self_collection/object_candidates_free/bathroom_table/self_collection_bathroom_table_36_b08d7fad.json objects=15
WROTE annotation_hub/self_collection/object_candidates_free/bathroom_table/self_collection_bathroom_table_37_0b25cb5a.json objects=15
WROTE annotation_hub/self_collection/object_candidates_free/bathroom_table/self_collection_bathroom_table_38_b41aad9f.json objects=15
WROTE annotation_hub/self_collection/object_candidates_free/bathroom_table/self_collection_bathroom_table_39_6428607d.json objects=15
WROTE annotation_hub/self_collection/object_candidates_free/bathroom_table/self_collection_bathroom_table_40_0e774044.json objects=15
WROTE annotation_hub/self_collection/object_candidates_free/bathroom_table/self_collection_bathroom_table_41_628457ef.json objects=15
WROTE annotation_hub/self_collection/object_candidates_free/bathroom_table/self_collection_bathroom_table_42_649933aa.json objects=10
WROTE annotation_hub/self_collection/object_candidates_free/bathroom_table/self_collection_bathroom_table_43_3b3613d4.json objects=14
WROTE annotation_hub/self_collection/object_candidates_free/bathroom_table/self_collection_bathroom_table_44_726087de.json objects=15
WROTE annotation_hub/self_collection/object_candidates_free/bathroom_table/self_collection_bathroom_table_45_0e309146.json objects=15
WROTE annotation_hub/self_collection/object_candidates_free/bathroom_table/self_collection_bathroom_table_46_184f127e.json objects=15
WROTE annotation_hub/self_collection/object_candidates_free/bathroom_table/self_collection_bathroom_table_47_b1537ea1.json objects=15
WROTE annotation_hub/self_collection/object_candidates_free/bathroom_table/self_collection_bathroom_table_48_71fbaf4c.json objects=15
WROTE annotation_hub/self_collection/object_candidates_free/bathroom_table/self_collection_bathroom_table_49_7cc733a0.json objects=15
WROTE annotation_hub/self_collection/object_candidates_free/bathroom_table/self_collection_bathroom_table_50_5e734fa9.json objects=15
WROTE annotation_hub/self_collection/object_candidates_free/bathroom_table/self_collection_bathroom_table_51_8dc49c97.json objects=15
WROTE annotation_hub/self_collection/object_candidates_free/bathroom_table/self_collection_bathroom_table_52_70afeb2e.json objects=15
WROTE annotation_hub/self_collection/object_candidates_free/bathroom_table/self_collection_bathroom_table_53_e8ce4e90.json objects=15
WROTE annotation_hub/self_collection/object_candidates_free/bathroom_table/self_collection_bathroom_table_54_b074fafb.json objects=15
WROTE annotation_hub/self_collection/object_candidates_free/bathroom_table/self_collection_bathroom_table_55_558b9dda.json objects=15
WROTE annotation_hub/self_collection/object_candidates_free/bathroom_table/self_collection_bathroom_table_56_5a96003e.json objects=14
WROTE annotation_hub/self_collection/object_candidates_free/bathroom_table/self_collection_bathroom_table_57_5b49c3cd.json objects=15
WROTE annotation_hub/self_collection/object_candidates_free/bathroom_table/self_collection_bathroom_table_58_31898274.json objects=15
WROTE annotation_hub/self_collection/object_candidates_free/bathroom_table/self_collection_bathroom_table_59_2a9f4950.json objects=15
WROTE annotation_hub/self_collection/object_candidates_free/bathroom_table/self_collection_bathroom_table_60_2175e589.json objects=15
WROTE annotation_hub/self_collection/object_candidates_free/bathroom_table/self_collection_bathroom_table_61_8ba9c4ca.json objects=15
WROTE annotation_hub/self_collection/object_candidates_free/bathroom_table/self_collection_bathroom_table_62_aa132c08.json objects=15
WROTE annotation_hub/self_collection/object_candidates_free/bathroom_table/self_collection_bathroom_table_63_b9d93cf3.json objects=15
WROTE annotation_hub/self_collection/object_candidates_free/bathroom_table/self_collection_bathroom_table_64_2ab9adda.json objects=15
WROTE annotation_hub/self_collection/object_candidates_free/bathroom_table/self_collection_bathroom_table_65_cb803c19.json objects=15
WROTE annotation_hub/self_collection/object_candidates_free/bathroom_table/self_collection_bathroom_table_66_ceb9b550.json objects=15
WROTE annotation_hub/self_collection/object_candidates_free/bathroom_table/self_collection_bathroom_table_67_4779d5fd.json objects=15
WROTE annotation_hub/self_collection/object_candidates_free/bathroom_table/self_collection_bathroom_table_68_146b99a6.json objects=15
WROTE annotation_hub/self_collection/object_candidates_free/bathroom_table/self_collection_bathroom_table_69_ada04593.json objects=15
WROTE annotation_hub/self_collection/object_candidates_free/bathroom_table/self_collection_bathroom_table_70_4a13342e.json objects=15
WROTE annotation_hub/self_collection/object_candidates_free/bathroom_table/self_collection_bathroom_table_71_b7754311.json objects=15
WROTE annotation_hub/self_collection/object_candidates_free/bathroom_table/self_collection_bathroom_table_72_bd0f717d.json objects=15
WROTE annotation_hub/self_collection/object_candidates_free/bathroom_table/self_collection_bathroom_table_73_626ecda0.json objects=15
WROTE annotation_hub/self_collection/object_candidates_free/bathroom_table/self_collection_bathroom_table_74_44dd0d07.json objects=15
WROTE annotation_hub/self_collection/object_candidates_free/bathroom_table/self_collection_bathroom_table_75_4bebbccf.json objects=15
WROTE annotation_hub/self_collection/object_candidates_free/bathroom_table/self_collection_bathroom_table_76_2638b7ba.json objects=15
WROTE annotation_hub/self_collection/object_candidates_free/bathroom_table/self_collection_bathroom_table_77_67831890.json objects=15
WROTE annotation_hub/self_collection/object_candidates_free/bathroom_table/self_collection_bathroom_table_78_74de5609.json objects=15
WROTE annotation_hub/self_collection/object_candidates_free/bathroom_table/self_collection_bathroom_table_79_4080641e.json objects=15
WROTE annotation_hub/self_collection/object_candidates_free/bathroom_table/self_collection_bathroom_table_80_11e2a23f.json objects=15
WROTE annotation_hub/self_collection/object_candidates_free/bathroom_table/self_collection_bathroom_table_81_65137120.json objects=15
WROTE annotation_hub/self_collection/object_candidates_free/bathroom_table/self_collection_bathroom_table_82_0bc12a02.json objects=15
WROTE annotation_hub/self_collection/object_candidates_free/bathroom_table/self_collection_bathroom_table_83_094aa382.json objects=15
WROTE annotation_hub/self_collection/object_candidates_free/bathroom_table/self_collection_bathroom_table_84_196a3035.json objects=15
WROTE annotation_hub/self_collection/object_candidates_free/bathroom_table/self_collection_bathroom_table_85_9ac56c1b.json objects=15
WROTE annotation_hub/self_collection/object_candidates_free/bathroom_table/self_collection_bathroom_table_86_4c884381.json objects=15
WROTE annotation_hub/self_collection/object_candidates_free/bathroom_table/self_collection_bathroom_table_87_01895735.json objects=9
WROTE annotation_hub/self_collection/object_candidates_free/bathroom_table/self_collection_bathroom_table_88_5ddbb488.json objects=11
WROTE annotation_hub/self_collection/object_candidates_free/bathroom_table/self_collection_bathroom_table_89_378b2381.json objects=14
WROTE annotation_hub/self_collection/object_candidates_free/bathroom_table/self_collection_bathroom_table_90_a1389db8.json objects=15
WROTE annotation_hub/self_collection/object_candidates_free/bathroom_table/self_collection_bathroom_table_91_3f2e8acf.json objects=15
WROTE annotation_hub/self_collection/object_candidates_free/bathroom_table/self_collection_bathroom_table_92_cb7a36e8.json objects=10
WROTE annotation_hub/self_collection/object_candidates_free/bathroom_table/self_collection_bathroom_table_93_575a86d8.json objects=14
WROTE annotation_hub/self_collection/object_candidates_free/bathroom_table/self_collection_bathroom_table_94_ceba40ce.json objects=15
WROTE annotation_hub/self_collection/object_candidates_free/bathroom_table/self_collection_bathroom_table_95_c3d5fefe.json objects=13
WROTE annotation_hub/self_collection/object_candidates_free/bathroom_table/self_collection_bathroom_table_96_0a4543ac.json objects=15
WROTE annotation_hub/self_collection/object_candidates_free/bathroom_table/self_collection_bathroom_table_97_e990bf2b.json objects=15
WROTE annotation_hub/self_collection/object_candidates_free/bathroom_table/self_collection_bathroom_table_98_6038092c.json objects=15
WROTE annotation_hub/self_collection/object_candidates_free/bathroom_table/self_collection_bathroom_table_99_16d65b62.json objects=15
WROTE annotation_hub/self_collection/object_candidates_free/cabinet_occlusion/self_collection_cabinet_occlusion_0_973978cd.json objects=15
WROTE annotation_hub/self_collection/object_candidates_free/cabinet_occlusion/self_collection_cabinet_occlusion_1_f9aff41b.json objects=15
WROTE annotation_hub/self_collection/object_candidates_free/cabinet_occlusion/self_collection_cabinet_occlusion_2_b77c4a01.json objects=8
WROTE annotation_hub/self_collection/object_candidates_free/cabinet_occlusion/self_collection_cabinet_occlusion_3_f21d393b.json objects=15
WROTE annotation_hub/self_collection/object_candidates_free/cabinet_occlusion/self_collection_cabinet_occlusion_4_390d32c9.json objects=15
WROTE annotation_hub/self_collection/object_candidates_free/cabinet_occlusion/self_collection_cabinet_occlusion_5_de643c87.json objects=15
WROTE annotation_hub/self_collection/object_candidates_free/cabinet_occlusion/self_collection_cabinet_occlusion_6_7f797901.json objects=15
WROTE annotation_hub/self_collection/object_candidates_free/cabinet_occlusion/self_collection_cabinet_occlusion_7_3815e301.json objects=10
WROTE annotation_hub/self_collection/object_candidates_free/cabinet_occlusion/self_collection_cabinet_occlusion_8_cd7586e4.json objects=15
WROTE annotation_hub/self_collection/object_candidates_free/cabinet_occlusion/self_collection_cabinet_occlusion_9_9d090a70.json objects=14
WROTE annotation_hub/self_collection/object_candidates_free/cabinet_occlusion/self_collection_cabinet_occlusion_10_08bb8a6d.json objects=15
WROTE annotation_hub/self_collection/object_candidates_free/cabinet_occlusion/self_collection_cabinet_occlusion_11_7a218327.json objects=14
WROTE annotation_hub/self_collection/object_candidates_free/cabinet_occlusion/self_collection_cabinet_occlusion_12_72354154.json objects=6
WROTE annotation_hub/self_collection/object_candidates_free/cabinet_occlusion/self_collection_cabinet_occlusion_13_98d18b0e.json objects=15
WROTE annotation_hub/self_collection/object_candidates_free/cabinet_occlusion/self_collection_cabinet_occlusion_14_db79c8af.json objects=15
WROTE annotation_hub/self_collection/object_candidates_free/cabinet_occlusion/self_collection_cabinet_occlusion_15_707eb3fd.json objects=15
WROTE annotation_hub/self_collection/object_candidates_free/cabinet_occlusion/self_collection_cabinet_occlusion_16_da9fa364.json objects=14
WROTE annotation_hub/self_collection/object_candidates_free/cabinet_occlusion/self_collection_cabinet_occlusion_17_27fc2654.json objects=15
WROTE annotation_hub/self_collection/object_candidates_free/cabinet_occlusion/self_collection_cabinet_occlusion_18_209038a9.json objects=15
WROTE annotation_hub/self_collection/object_candidates_free/cabinet_occlusion/self_collection_cabinet_occlusion_19_587a9321.json objects=15
WROTE annotation_hub/self_collection/object_candidates_free/cabinet_occlusion/self_collection_cabinet_occlusion_20_a5e4609d.json objects=15
WROTE annotation_hub/self_collection/object_candidates_free/cabinet_occlusion/self_collection_cabinet_occlusion_21_c702136e.json objects=15
WROTE annotation_hub/self_collection/object_candidates_free/cabinet_occlusion/self_collection_cabinet_occlusion_22_0d80eade.json objects=15
WROTE annotation_hub/self_collection/object_candidates_free/cabinet_occlusion/self_collection_cabinet_occlusion_23_d97b01e7.json objects=10
WROTE annotation_hub/self_collection/object_candidates_free/cabinet_occlusion/self_collection_cabinet_occlusion_24_9498df8c.json objects=15
WROTE annotation_hub/self_collection/object_candidates_free/cabinet_occlusion/self_collection_cabinet_occlusion_25_b4f73553.json objects=11
WROTE annotation_hub/self_collection/object_candidates_free/cabinet_occlusion/self_collection_cabinet_occlusion_26_69365944.json objects=15
WROTE annotation_hub/self_collection/object_candidates_free/cabinet_occlusion/self_collection_cabinet_occlusion_27_57d84f23.json objects=15
WROTE annotation_hub/self_collection/object_candidates_free/cabinet_occlusion/self_collection_cabinet_occlusion_28_e2f57e9a.json objects=15
WROTE annotation_hub/self_collection/object_candidates_free/cabinet_occlusion/self_collection_cabinet_occlusion_29_f9a2b276.json objects=15
WROTE annotation_hub/self_collection/object_candidates_free/cabinet_occlusion/self_collection_cabinet_occlusion_30_a041b1f8.json objects=13
WROTE annotation_hub/self_collection/object_candidates_free/cabinet_occlusion/self_collection_cabinet_occlusion_31_b3b3699e.json objects=15
WROTE annotation_hub/self_collection/object_candidates_free/cabinet_occlusion/self_collection_cabinet_occlusion_32_3a00e717.json objects=12
WROTE annotation_hub/self_collection/object_candidates_free/cabinet_occlusion/self_collection_cabinet_occlusion_33_4b04a73f.json objects=15
WROTE annotation_hub/self_collection/object_candidates_free/cabinet_occlusion/self_collection_cabinet_occlusion_34_9b2d6be7.json objects=15
WROTE annotation_hub/self_collection/object_candidates_free/cabinet_occlusion/self_collection_cabinet_occlusion_35_f09d5946.json objects=15
WROTE annotation_hub/self_collection/object_candidates_free/cabinet_occlusion/self_collection_cabinet_occlusion_36_5198edb3.json objects=15
WROTE annotation_hub/self_collection/object_candidates_free/cabinet_occlusion/self_collection_cabinet_occlusion_37_3232f31e.json objects=15
WROTE annotation_hub/self_collection/object_candidates_free/cabinet_occlusion/self_collection_cabinet_occlusion_38_770990e8.json objects=15
WROTE annotation_hub/self_collection/object_candidates_free/cabinet_occlusion/self_collection_cabinet_occlusion_39_6c1dfa65.json objects=15
WROTE annotation_hub/self_collection/object_candidates_free/cabinet_occlusion/self_collection_cabinet_occlusion_40_06190103.json objects=9
WROTE annotation_hub/self_collection/object_candidates_free/cabinet_occlusion/self_collection_cabinet_occlusion_41_6b32824f.json objects=15
WROTE annotation_hub/self_collection/object_candidates_free/cabinet_occlusion/self_collection_cabinet_occlusion_42_7b12df67.json objects=15
WROTE annotation_hub/self_collection/object_candidates_free/cabinet_occlusion/self_collection_cabinet_occlusion_43_fa2a3427.json objects=15
WROTE annotation_hub/self_collection/object_candidates_free/cabinet_occlusion/self_collection_cabinet_occlusion_44_6463a786.json objects=15
WROTE annotation_hub/self_collection/object_candidates_free/cabinet_occlusion/self_collection_cabinet_occlusion_45_9a41cdf7.json objects=15
WROTE annotation_hub/self_collection/object_candidates_free/cabinet_occlusion/self_collection_cabinet_occlusion_46_900a2ca4.json objects=15
WROTE annotation_hub/self_collection/object_candidates_free/cabinet_occlusion/self_collection_cabinet_occlusion_47_c4ce6028.json objects=15
WROTE annotation_hub/self_collection/object_candidates_free/cabinet_occlusion/self_collection_cabinet_occlusion_48_be2f9038.json objects=15
WROTE annotation_hub/self_collection/object_candidates_free/cabinet_occlusion/self_collection_cabinet_occlusion_49_6ae440c5.json objects=15
WROTE annotation_hub/self_collection/object_candidates_free/cabinet_occlusion/self_collection_cabinet_occlusion_50_ac531129.json objects=15
WROTE annotation_hub/self_collection/object_candidates_free/cabinet_occlusion/self_collection_cabinet_occlusion_51_24884b82.json objects=7
WROTE annotation_hub/self_collection/object_candidates_free/cabinet_occlusion/self_collection_cabinet_occlusion_52_8642d08e.json objects=15
WROTE annotation_hub/self_collection/object_candidates_free/cabinet_occlusion/self_collection_cabinet_occlusion_53_1b09062e.json objects=15
WROTE annotation_hub/self_collection/object_candidates_free/cabinet_occlusion/self_collection_cabinet_occlusion_54_b7b308d6.json objects=15
WROTE annotation_hub/self_collection/object_candidates_free/cabinet_occlusion/self_collection_cabinet_occlusion_55_2eba4554.json objects=15
WROTE annotation_hub/self_collection/object_candidates_free/cabinet_occlusion/self_collection_cabinet_occlusion_56_093902f9.json objects=15
WROTE annotation_hub/self_collection/object_candidates_free/cabinet_occlusion/self_collection_cabinet_occlusion_57_c1a8a50c.json objects=15
WROTE annotation_hub/self_collection/object_candidates_free/cabinet_occlusion/self_collection_cabinet_occlusion_58_c1ef44cd.json objects=15
WROTE annotation_hub/self_collection/object_candidates_free/cabinet_occlusion/self_collection_cabinet_occlusion_59_4afff0ac.json objects=15
WROTE annotation_hub/self_collection/object_candidates_free/cabinet_occlusion/self_collection_cabinet_occlusion_60_474decb8.json objects=15
WROTE annotation_hub/self_collection/object_candidates_free/cabinet_occlusion/self_collection_cabinet_occlusion_61_3748e907.json objects=15
WROTE annotation_hub/self_collection/object_candidates_free/cabinet_occlusion/self_collection_cabinet_occlusion_62_cfe168c2.json objects=15
WROTE annotation_hub/self_collection/object_candidates_free/cabinet_occlusion/self_collection_cabinet_occlusion_63_37bcbb0b.json objects=15
WROTE annotation_hub/self_collection/object_candidates_free/cabinet_occlusion/self_collection_cabinet_occlusion_64_6d92b7bf.json objects=15
WROTE annotation_hub/self_collection/object_candidates_free/cabinet_occlusion/self_collection_cabinet_occlusion_65_629ec740.json objects=15
WROTE annotation_hub/self_collection/object_candidates_free/cabinet_occlusion/self_collection_cabinet_occlusion_66_504d13f5.json objects=15
WROTE annotation_hub/self_collection/object_candidates_free/cabinet_occlusion/self_collection_cabinet_occlusion_67_4ef60cf0.json objects=15
WROTE annotation_hub/self_collection/object_candidates_free/cabinet_occlusion/self_collection_cabinet_occlusion_68_70da1439.json objects=15
WROTE annotation_hub/self_collection/object_candidates_free/cabinet_occlusion/self_collection_cabinet_occlusion_69_d1f4afee.json objects=15
WROTE annotation_hub/self_collection/object_candidates_free/cabinet_occlusion/self_collection_cabinet_occlusion_70_2383dc8b.json objects=15
WROTE annotation_hub/self_collection/object_candidates_free/cabinet_occlusion/self_collection_cabinet_occlusion_71_dab696d6.json objects=15
WROTE annotation_hub/self_collection/object_candidates_free/cabinet_occlusion/self_collection_cabinet_occlusion_72_5b72a92f.json objects=15
WROTE annotation_hub/self_collection/object_candidates_free/cabinet_occlusion/self_collection_cabinet_occlusion_73_cc55de14.json objects=15
WROTE annotation_hub/self_collection/object_candidates_free/cabinet_occlusion/self_collection_cabinet_occlusion_74_2e2d3247.json objects=14
WROTE annotation_hub/self_collection/object_candidates_free/cabinet_occlusion/self_collection_cabinet_occlusion_75_feb40fb9.json objects=15
WROTE annotation_hub/self_collection/object_candidates_free/cabinet_occlusion/self_collection_cabinet_occlusion_76_c79f795a.json objects=15
WROTE annotation_hub/self_collection/object_candidates_free/cabinet_occlusion/self_collection_cabinet_occlusion_77_20b5cd7c.json objects=15
WROTE annotation_hub/self_collection/object_candidates_free/cabinet_occlusion/self_collection_cabinet_occlusion_78_bce9a4f2.json objects=15
WROTE annotation_hub/self_collection/object_candidates_free/cabinet_occlusion/self_collection_cabinet_occlusion_79_2c6cc092.json objects=15
WROTE annotation_hub/self_collection/object_candidates_free/cabinet_occlusion/self_collection_cabinet_occlusion_80_5d362e75.json objects=15
WROTE annotation_hub/self_collection/object_candidates_free/cabinet_occlusion/self_collection_cabinet_occlusion_81_e6d08533.json objects=15
WROTE annotation_hub/self_collection/object_candidates_free/cabinet_occlusion/self_collection_cabinet_occlusion_82_79615662.json objects=15
WROTE annotation_hub/self_collection/object_candidates_free/cabinet_occlusion/self_collection_cabinet_occlusion_83_dc77e920.json objects=8
WROTE annotation_hub/self_collection/object_candidates_free/cabinet_occlusion/self_collection_cabinet_occlusion_84_fbe644d0.json objects=15
WROTE annotation_hub/self_collection/object_candidates_free/cabinet_occlusion/self_collection_cabinet_occlusion_85_bfc93323.json objects=15
WROTE annotation_hub/self_collection/object_candidates_free/cabinet_occlusion/self_collection_cabinet_occlusion_86_81ae4eaf.json objects=15
WROTE annotation_hub/self_collection/object_candidates_free/cabinet_occlusion/self_collection_cabinet_occlusion_87_067a831d.json objects=15
WROTE annotation_hub/self_collection/object_candidates_free/cabinet_occlusion/self_collection_cabinet_occlusion_88_1995b0be.json objects=15
WROTE annotation_hub/self_collection/object_candidates_free/cabinet_occlusion/self_collection_cabinet_occlusion_89_31a197f0.json objects=15
WROTE annotation_hub/self_collection/object_candidates_free/cabinet_occlusion/self_collection_cabinet_occlusion_90_4b6654e4.json objects=15
WROTE annotation_hub/self_collection/object_candidates_free/cabinet_occlusion/self_collection_cabinet_occlusion_91_5fde8538.json objects=15
WROTE annotation_hub/self_collection/object_candidates_free/cabinet_occlusion/self_collection_cabinet_occlusion_92_d348afe6.json objects=15
WROTE annotation_hub/self_collection/object_candidates_free/cabinet_occlusion/self_collection_cabinet_occlusion_93_1455d359.json objects=15
WROTE annotation_hub/self_collection/object_candidates_free/cabinet_occlusion/self_collection_cabinet_occlusion_94_caab7b3e.json objects=15
WROTE annotation_hub/self_collection/object_candidates_free/cabinet_occlusion/self_collection_cabinet_occlusion_95_3aa0b78b.json objects=15
WROTE annotation_hub/self_collection/object_candidates_free/cabinet_occlusion/self_collection_cabinet_occlusion_96_f9ffef2e.json objects=15
WROTE annotation_hub/self_collection/object_candidates_free/cabinet_occlusion/self_collection_cabinet_occlusion_97_4ea4d305.json objects=15
WROTE annotation_hub/self_collection/object_candidates_free/cabinet_occlusion/self_collection_cabinet_occlusion_98_5f025ed2.json objects=15
WROTE annotation_hub/self_collection/object_candidates_free/cabinet_occlusion/self_collection_cabinet_occlusion_99_040a67b4.json objects=15
WROTE annotation_hub/self_collection/object_candidates_free/cabinet_occlusion/self_collection_cabinet_occlusion_100_02c0b859.json objects=15
WROTE annotation_hub/self_collection/object_candidates_free/cabinet_occlusion/self_collection_cabinet_occlusion_101_b71ccce6.json objects=15
WROTE annotation_hub/self_collection/object_candidates_free/dark_messy_desk/self_collection_dark_messy_desk_0_e745b1a1.json objects=15
WROTE annotation_hub/self_collection/object_candidates_free/dark_messy_desk/self_collection_dark_messy_desk_1_ce6f7a0b.json objects=15
WROTE annotation_hub/self_collection/object_candidates_free/dark_messy_desk/self_collection_dark_messy_desk_2_86aac43c.json objects=15
WROTE annotation_hub/self_collection/object_candidates_free/dark_messy_desk/self_collection_dark_messy_desk_3_19db5297.json objects=15
WROTE annotation_hub/self_collection/object_candidates_free/dark_messy_desk/self_collection_dark_messy_desk_4_f30a1e8b.json objects=15
WROTE annotation_hub/self_collection/object_candidates_free/dark_messy_desk/self_collection_dark_messy_desk_5_ee1855b1.json objects=15
WROTE annotation_hub/self_collection/object_candidates_free/dark_messy_desk/self_collection_dark_messy_desk_6_13f74581.json objects=15
WROTE annotation_hub/self_collection/object_candidates_free/dark_messy_desk/self_collection_dark_messy_desk_7_3b86cdcf.json objects=15
WROTE annotation_hub/self_collection/object_candidates_free/dark_messy_desk/self_collection_dark_messy_desk_8_94e5350c.json objects=15
WROTE annotation_hub/self_collection/object_candidates_free/dark_messy_desk/self_collection_dark_messy_desk_9_bdd62e31.json objects=15
WROTE annotation_hub/self_collection/object_candidates_free/dark_messy_desk/self_collection_dark_messy_desk_10_8c863850.json objects=15
WROTE annotation_hub/self_collection/object_candidates_free/dark_messy_desk/self_collection_dark_messy_desk_11_9c4af70c.json objects=15
WROTE annotation_hub/self_collection/object_candidates_free/dark_messy_desk/self_collection_dark_messy_desk_12_0ab095e8.json objects=15
WROTE annotation_hub/self_collection/object_candidates_free/dark_messy_desk/self_collection_dark_messy_desk_13_966818c2.json objects=15
WROTE annotation_hub/self_collection/object_candidates_free/dark_messy_desk/self_collection_dark_messy_desk_14_6db1b727.json objects=10
WROTE annotation_hub/self_collection/object_candidates_free/dark_messy_desk/self_collection_dark_messy_desk_15_c6912dfc.json objects=15
WROTE annotation_hub/self_collection/object_candidates_free/dark_messy_desk/self_collection_dark_messy_desk_16_5ae63db6.json objects=15
WROTE annotation_hub/self_collection/object_candidates_free/dark_messy_desk/self_collection_dark_messy_desk_17_106a9016.json objects=15
WROTE annotation_hub/self_collection/object_candidates_free/dark_messy_desk/self_collection_dark_messy_desk_18_4725c53d.json objects=15
WROTE annotation_hub/self_collection/object_candidates_free/dark_messy_desk/self_collection_dark_messy_desk_19_9c704595.json objects=15
WROTE annotation_hub/self_collection/object_candidates_free/dark_messy_desk/self_collection_dark_messy_desk_20_92be8c90.json objects=15
WROTE annotation_hub/self_collection/object_candidates_free/dark_messy_desk/self_collection_dark_messy_desk_21_450b8cc4.json objects=15
WROTE annotation_hub/self_collection/object_candidates_free/dark_messy_desk/self_collection_dark_messy_desk_22_861331b9.json objects=15
WROTE annotation_hub/self_collection/object_candidates_free/dark_messy_desk/self_collection_dark_messy_desk_23_214f5908.json objects=15
WROTE annotation_hub/self_collection/object_candidates_free/dark_messy_desk/self_collection_dark_messy_desk_24_b92cf8c8.json objects=15
WROTE annotation_hub/self_collection/object_candidates_free/dark_messy_desk/self_collection_dark_messy_desk_25_5503ee38.json objects=15
WROTE annotation_hub/self_collection/object_candidates_free/dark_messy_desk/self_collection_dark_messy_desk_26_40f7da05.json objects=15
WROTE annotation_hub/self_collection/object_candidates_free/dark_messy_desk/self_collection_dark_messy_desk_27_db0cbaa4.json objects=10
WROTE annotation_hub/self_collection/object_candidates_free/dark_messy_desk/self_collection_dark_messy_desk_28_b0b1d97b.json objects=15
WROTE annotation_hub/self_collection/object_candidates_free/dark_messy_desk/self_collection_dark_messy_desk_29_1a59b10e.json objects=15
WROTE annotation_hub/self_collection/object_candidates_free/dark_messy_desk/self_collection_dark_messy_desk_30_be8acd0c.json objects=15
WROTE annotation_hub/self_collection/object_candidates_free/dark_messy_desk/self_collection_dark_messy_desk_31_fe3cda81.json objects=15
WROTE annotation_hub/self_collection/object_candidates_free/dark_messy_desk/self_collection_dark_messy_desk_32_6ca36299.json objects=15
WROTE annotation_hub/self_collection/object_candidates_free/dark_messy_desk/self_collection_dark_messy_desk_33_5075ae94.json objects=15
WROTE annotation_hub/self_collection/object_candidates_free/dark_messy_desk/self_collection_dark_messy_desk_34_203bbabf.json objects=15
WROTE annotation_hub/self_collection/object_candidates_free/dark_messy_desk/self_collection_dark_messy_desk_35_3d96f972.json objects=12
WROTE annotation_hub/self_collection/object_candidates_free/dark_messy_desk/self_collection_dark_messy_desk_36_048d66b3.json objects=15
WROTE annotation_hub/self_collection/object_candidates_free/dark_messy_desk/self_collection_dark_messy_desk_37_a6a573d3.json objects=15
WROTE annotation_hub/self_collection/object_candidates_free/dark_messy_desk/self_collection_dark_messy_desk_38_41b9c57c.json objects=15
WROTE annotation_hub/self_collection/object_candidates_free/dark_messy_desk/self_collection_dark_messy_desk_39_9cca8b0f.json objects=15
WROTE annotation_hub/self_collection/object_candidates_free/dark_messy_desk/self_collection_dark_messy_desk_40_9e92d4a4.json objects=15
WROTE annotation_hub/self_collection/object_candidates_free/dark_messy_desk/self_collection_dark_messy_desk_41_7b6f3990.json objects=15
WROTE annotation_hub/self_collection/object_candidates_free/dark_messy_desk/self_collection_dark_messy_desk_42_8d4ad333.json objects=15
WROTE annotation_hub/self_collection/object_candidates_free/dark_messy_desk/self_collection_dark_messy_desk_43_7b0aa8e3.json objects=15
WROTE annotation_hub/self_collection/object_candidates_free/dark_messy_desk/self_collection_dark_messy_desk_44_0d4b1f20.json objects=15
WROTE annotation_hub/self_collection/object_candidates_free/dark_messy_desk/self_collection_dark_messy_desk_45_76ec61f5.json objects=15
WROTE annotation_hub/self_collection/object_candidates_free/dark_messy_desk/self_collection_dark_messy_desk_46_fa0edfe2.json objects=15
WROTE annotation_hub/self_collection/object_candidates_free/dark_messy_desk/self_collection_dark_messy_desk_47_3d9d5597.json objects=15
WROTE annotation_hub/self_collection/object_candidates_free/dark_messy_desk/self_collection_dark_messy_desk_48_2688a238.json objects=15
WROTE annotation_hub/self_collection/object_candidates_free/dark_messy_desk/self_collection_dark_messy_desk_49_63c52a6d.json objects=8
WROTE annotation_hub/self_collection/object_candidates_free/dark_messy_desk/self_collection_dark_messy_desk_50_4f0421eb.json objects=15
WROTE annotation_hub/self_collection/object_candidates_free/dark_messy_desk/self_collection_dark_messy_desk_51_742c56be.json objects=15
WROTE annotation_hub/self_collection/object_candidates_free/dark_messy_desk/self_collection_dark_messy_desk_52_1cdbc5a1.json objects=11
WROTE annotation_hub/self_collection/object_candidates_free/dark_messy_desk/self_collection_dark_messy_desk_53_6e41bf93.json objects=8
WROTE annotation_hub/self_collection/object_candidates_free/dark_messy_desk/self_collection_dark_messy_desk_54_cd171778.json objects=15
WROTE annotation_hub/self_collection/object_candidates_free/dark_messy_desk/self_collection_dark_messy_desk_55_632e7939.json objects=14
WROTE annotation_hub/self_collection/object_candidates_free/dark_messy_desk/self_collection_dark_messy_desk_56_47110097.json objects=7
WROTE annotation_hub/self_collection/object_candidates_free/dark_messy_desk/self_collection_dark_messy_desk_57_a039a287.json objects=15
WROTE annotation_hub/self_collection/object_candidates_free/dark_messy_desk/self_collection_dark_messy_desk_58_026f2fbe.json objects=15
WROTE annotation_hub/self_collection/object_candidates_free/dark_messy_desk/self_collection_dark_messy_desk_59_2faa3821.json objects=15
WROTE annotation_hub/self_collection/object_candidates_free/dark_messy_desk/self_collection_dark_messy_desk_60_642dc10f.json objects=15
WROTE annotation_hub/self_collection/object_candidates_free/dark_messy_desk/self_collection_dark_messy_desk_61_535f6df2.json objects=15
WROTE annotation_hub/self_collection/object_candidates_free/dark_messy_desk/self_collection_dark_messy_desk_62_f0cb7848.json objects=15
WROTE annotation_hub/self_collection/object_candidates_free/dark_messy_desk/self_collection_dark_messy_desk_63_e7921949.json objects=15
WROTE annotation_hub/self_collection/object_candidates_free/dark_messy_desk/self_collection_dark_messy_desk_64_fdbe5da2.json objects=15
WROTE annotation_hub/self_collection/object_candidates_free/dark_messy_desk/self_collection_dark_messy_desk_65_843c0151.json objects=15
WROTE annotation_hub/self_collection/object_candidates_free/dark_messy_desk/self_collection_dark_messy_desk_66_bcb16980.json objects=15
WROTE annotation_hub/self_collection/object_candidates_free/dark_messy_desk/self_collection_dark_messy_desk_67_57e43cdd.json objects=13
WROTE annotation_hub/self_collection/object_candidates_free/dark_messy_desk/self_collection_dark_messy_desk_68_286f89bb.json objects=15
WROTE annotation_hub/self_collection/object_candidates_free/dark_messy_desk/self_collection_dark_messy_desk_69_780d96b0.json objects=15
WROTE annotation_hub/self_collection/object_candidates_free/dark_messy_desk/self_collection_dark_messy_desk_70_822eb450.json objects=15
WROTE annotation_hub/self_collection/object_candidates_free/dark_messy_desk/self_collection_dark_messy_desk_71_1d98e844.json objects=13
WROTE annotation_hub/self_collection/object_candidates_free/dark_messy_desk/self_collection_dark_messy_desk_72_f20e8d46.json objects=10
WROTE annotation_hub/self_collection/object_candidates_free/dark_messy_desk/self_collection_dark_messy_desk_73_79a48c31.json objects=11
WROTE annotation_hub/self_collection/object_candidates_free/dark_messy_desk/self_collection_dark_messy_desk_74_6e06569e.json objects=15
WROTE annotation_hub/self_collection/object_candidates_free/dark_messy_desk/self_collection_dark_messy_desk_75_6adc8ac0.json objects=15
WROTE annotation_hub/self_collection/object_candidates_free/dark_messy_desk/self_collection_dark_messy_desk_76_edf1dfb4.json objects=15
WROTE annotation_hub/self_collection/object_candidates_free/dark_messy_desk/self_collection_dark_messy_desk_77_cd481a16.json objects=15
WROTE annotation_hub/self_collection/object_candidates_free/dark_messy_desk/self_collection_dark_messy_desk_78_3427be0f.json objects=15
WROTE annotation_hub/self_collection/object_candidates_free/dark_messy_desk/self_collection_dark_messy_desk_79_c84a45e8.json objects=14
WROTE annotation_hub/self_collection/object_candidates_free/dark_messy_desk/self_collection_dark_messy_desk_80_c4dbc4a0.json objects=15
WROTE annotation_hub/self_collection/object_candidates_free/dark_messy_desk/self_collection_dark_messy_desk_81_8978cbd1.json objects=9
WROTE annotation_hub/self_collection/object_candidates_free/dark_messy_desk/self_collection_dark_messy_desk_82_1118bdcb.json objects=15
WROTE annotation_hub/self_collection/object_candidates_free/dark_messy_desk/self_collection_dark_messy_desk_83_53edc730.json objects=15
WROTE annotation_hub/self_collection/object_candidates_free/dark_messy_desk/self_collection_dark_messy_desk_84_6d891bd8.json objects=15
WROTE annotation_hub/self_collection/object_candidates_free/dark_messy_desk/self_collection_dark_messy_desk_85_69dd5df6.json objects=14
WROTE annotation_hub/self_collection/object_candidates_free/dark_messy_desk/self_collection_dark_messy_desk_86_40f06901.json objects=15
WROTE annotation_hub/self_collection/object_candidates_free/dark_messy_desk/self_collection_dark_messy_desk_87_eec890e8.json objects=15
WROTE annotation_hub/self_collection/object_candidates_free/dark_messy_desk/self_collection_dark_messy_desk_88_5b732a2d.json objects=15
WROTE annotation_hub/self_collection/object_candidates_free/dark_messy_desk/self_collection_dark_messy_desk_89_2cb530da.json objects=15
WROTE annotation_hub/self_collection/object_candidates_free/dark_messy_desk/self_collection_dark_messy_desk_90_9361d82e.json objects=15
WROTE annotation_hub/self_collection/object_candidates_free/dark_messy_desk/self_collection_dark_messy_desk_91_9fb4c82c.json objects=11
WROTE annotation_hub/self_collection/object_candidates_free/dark_messy_desk/self_collection_dark_messy_desk_92_884fb26b.json objects=15
WROTE annotation_hub/self_collection/object_candidates_free/dark_messy_desk/self_collection_dark_messy_desk_93_1f2a7f8e.json objects=15
WROTE annotation_hub/self_collection/object_candidates_free/dark_messy_desk/self_collection_dark_messy_desk_94_a1430275.json objects=15
WROTE annotation_hub/self_collection/object_candidates_free/dark_messy_desk/self_collection_dark_messy_desk_95_5098ca9e.json objects=6
WROTE annotation_hub/self_collection/object_candidates_free/dark_messy_desk/self_collection_dark_messy_desk_96_0e40d4e4.json objects=15
WROTE annotation_hub/self_collection/object_candidates_free/dark_messy_desk/self_collection_dark_messy_desk_97_948f454e.json objects=15
WROTE annotation_hub/self_collection/object_candidates_free/dark_messy_desk/self_collection_dark_messy_desk_98_d4b54191.json objects=15
WROTE annotation_hub/self_collection/object_candidates_free/dark_messy_desk/self_collection_dark_messy_desk_99_4147994a.json objects=6
WROTE annotation_hub/self_collection/object_candidates_free/dark_messy_kitchen/self_collection_dark_messy_kitchen_0_70f0678a.json objects=15
WROTE annotation_hub/self_collection/object_candidates_free/dark_messy_kitchen/self_collection_dark_messy_kitchen_1_d887f12e.json objects=15
WROTE annotation_hub/self_collection/object_candidates_free/dark_messy_kitchen/self_collection_dark_messy_kitchen_2_7a447c56.json objects=15
WROTE annotation_hub/self_collection/object_candidates_free/dark_messy_kitchen/self_collection_dark_messy_kitchen_3_8e30bf34.json objects=11
WROTE annotation_hub/self_collection/object_candidates_free/dark_messy_kitchen/self_collection_dark_messy_kitchen_4_659c3ae5.json objects=15
WROTE annotation_hub/self_collection/object_candidates_free/dark_messy_kitchen/self_collection_dark_messy_kitchen_5_f320c5c7.json objects=15
WROTE annotation_hub/self_collection/object_candidates_free/dark_messy_kitchen/self_collection_dark_messy_kitchen_6_7f6d3ffb.json objects=15
WROTE annotation_hub/self_collection/object_candidates_free/dark_messy_kitchen/self_collection_dark_messy_kitchen_7_7525ea1a.json objects=9
WROTE annotation_hub/self_collection/object_candidates_free/dark_messy_kitchen/self_collection_dark_messy_kitchen_8_2285e66a.json objects=15
WROTE annotation_hub/self_collection/object_candidates_free/dark_messy_kitchen/self_collection_dark_messy_kitchen_9_292c89d2.json objects=15
WROTE annotation_hub/self_collection/object_candidates_free/dark_messy_kitchen/self_collection_dark_messy_kitchen_10_704522af.json objects=15
WROTE annotation_hub/self_collection/object_candidates_free/dark_messy_kitchen/self_collection_dark_messy_kitchen_11_4e810d27.json objects=15
WROTE annotation_hub/self_collection/object_candidates_free/dark_messy_kitchen/self_collection_dark_messy_kitchen_12_6646bb62.json objects=10
WROTE annotation_hub/self_collection/object_candidates_free/dark_messy_kitchen/self_collection_dark_messy_kitchen_13_5164246f.json objects=15
WROTE annotation_hub/self_collection/object_candidates_free/dark_messy_kitchen/self_collection_dark_messy_kitchen_14_fd6e04eb.json objects=15
WROTE annotation_hub/self_collection/object_candidates_free/dark_messy_kitchen/self_collection_dark_messy_kitchen_15_47267253.json objects=15
WROTE annotation_hub/self_collection/object_candidates_free/dark_messy_kitchen/self_collection_dark_messy_kitchen_16_b349c192.json objects=15
WROTE annotation_hub/self_collection/object_candidates_free/dark_messy_kitchen/self_collection_dark_messy_kitchen_17_e5d7db94.json objects=15
WROTE annotation_hub/self_collection/object_candidates_free/dark_messy_kitchen/self_collection_dark_messy_kitchen_18_a20574f0.json objects=15
WROTE annotation_hub/self_collection/object_candidates_free/dark_messy_kitchen/self_collection_dark_messy_kitchen_19_e8043547.json objects=15
WROTE annotation_hub/self_collection/object_candidates_free/dark_messy_kitchen/self_collection_dark_messy_kitchen_20_8a36a089.json objects=15
WROTE annotation_hub/self_collection/object_candidates_free/dark_messy_kitchen/self_collection_dark_messy_kitchen_21_1ce5e6df.json objects=10
WROTE annotation_hub/self_collection/object_candidates_free/dark_messy_kitchen/self_collection_dark_messy_kitchen_22_100d7876.json objects=15
WROTE annotation_hub/self_collection/object_candidates_free/dark_messy_kitchen/self_collection_dark_messy_kitchen_23_16d6967e.json objects=15
WROTE annotation_hub/self_collection/object_candidates_free/dark_messy_kitchen/self_collection_dark_messy_kitchen_24_95c02f04.json objects=8
WROTE annotation_hub/self_collection/object_candidates_free/dark_messy_kitchen/self_collection_dark_messy_kitchen_25_b6f36aa2.json objects=15
WROTE annotation_hub/self_collection/object_candidates_free/dark_messy_kitchen/self_collection_dark_messy_kitchen_26_0daba9c4.json objects=14
WROTE annotation_hub/self_collection/object_candidates_free/dark_messy_kitchen/self_collection_dark_messy_kitchen_27_5484c48a.json objects=15
WROTE annotation_hub/self_collection/object_candidates_free/dark_messy_kitchen/self_collection_dark_messy_kitchen_28_f9fec189.json objects=15
WROTE annotation_hub/self_collection/object_candidates_free/dark_messy_kitchen/self_collection_dark_messy_kitchen_29_be747c4b.json objects=15
WROTE annotation_hub/self_collection/object_candidates_free/dark_messy_kitchen/self_collection_dark_messy_kitchen_30_b4fdaa5a.json objects=15
WROTE annotation_hub/self_collection/object_candidates_free/dark_messy_kitchen/self_collection_dark_messy_kitchen_31_89de9083.json objects=15
WROTE annotation_hub/self_collection/object_candidates_free/dark_messy_kitchen/self_collection_dark_messy_kitchen_32_5246ac43.json objects=15
WROTE annotation_hub/self_collection/object_candidates_free/dark_messy_kitchen/self_collection_dark_messy_kitchen_33_e760376b.json objects=15
WROTE annotation_hub/self_collection/object_candidates_free/dark_messy_kitchen/self_collection_dark_messy_kitchen_34_5ff4dfa4.json objects=15
WROTE annotation_hub/self_collection/object_candidates_free/dark_messy_kitchen/self_collection_dark_messy_kitchen_35_48b3d39a.json objects=15
WROTE annotation_hub/self_collection/object_candidates_free/dark_messy_kitchen/self_collection_dark_messy_kitchen_36_a3c981f6.json objects=15
WROTE annotation_hub/self_collection/object_candidates_free/dark_messy_kitchen/self_collection_dark_messy_kitchen_37_fc9f9e02.json objects=15
WROTE annotation_hub/self_collection/object_candidates_free/dark_messy_kitchen/self_collection_dark_messy_kitchen_38_cfe8cd75.json objects=15
WROTE annotation_hub/self_collection/object_candidates_free/dark_messy_kitchen/self_collection_dark_messy_kitchen_39_cc74cbb8.json objects=15
WROTE annotation_hub/self_collection/object_candidates_free/dark_messy_kitchen/self_collection_dark_messy_kitchen_40_1e96f228.json objects=15
WROTE annotation_hub/self_collection/object_candidates_free/dark_messy_kitchen/self_collection_dark_messy_kitchen_41_b2bc7576.json objects=15
WROTE annotation_hub/self_collection/object_candidates_free/dark_messy_kitchen/self_collection_dark_messy_kitchen_42_56522866.json objects=15
WROTE annotation_hub/self_collection/object_candidates_free/dark_messy_kitchen/self_collection_dark_messy_kitchen_43_d0a6ceea.json objects=15
WROTE annotation_hub/self_collection/object_candidates_free/dark_messy_kitchen/self_collection_dark_messy_kitchen_44_99c11c42.json objects=15
WROTE annotation_hub/self_collection/object_candidates_free/dark_messy_kitchen/self_collection_dark_messy_kitchen_45_2c46ef2c.json objects=15
WROTE annotation_hub/self_collection/object_candidates_free/dark_messy_kitchen/self_collection_dark_messy_kitchen_46_37714a2e.json objects=15
WROTE annotation_hub/self_collection/object_candidates_free/dark_messy_kitchen/self_collection_dark_messy_kitchen_47_05b15076.json objects=15
WROTE annotation_hub/self_collection/object_candidates_free/dark_messy_kitchen/self_collection_dark_messy_kitchen_48_6bee2049.json objects=15
WROTE annotation_hub/self_collection/object_candidates_free/dark_messy_kitchen/self_collection_dark_messy_kitchen_49_3d06c7b9.json objects=15
WROTE annotation_hub/self_collection/object_candidates_free/dark_messy_kitchen/self_collection_dark_messy_kitchen_50_8e5cd72b.json objects=15
WROTE annotation_hub/self_collection/object_candidates_free/dark_messy_kitchen/self_collection_dark_messy_kitchen_51_6115609c.json objects=15
WROTE annotation_hub/self_collection/object_candidates_free/dark_messy_kitchen/self_collection_dark_messy_kitchen_52_1cbea60d.json objects=15
WROTE annotation_hub/self_collection/object_candidates_free/dark_messy_kitchen/self_collection_dark_messy_kitchen_53_03b9eb11.json objects=15
WROTE annotation_hub/self_collection/object_candidates_free/dark_messy_kitchen/self_collection_dark_messy_kitchen_54_cbbe011e.json objects=15
WROTE annotation_hub/self_collection/object_candidates_free/dark_messy_kitchen/self_collection_dark_messy_kitchen_55_6230ef50.json objects=15
WROTE annotation_hub/self_collection/object_candidates_free/dark_messy_kitchen/self_collection_dark_messy_kitchen_56_5436bb1b.json objects=15
WROTE annotation_hub/self_collection/object_candidates_free/dark_messy_kitchen/self_collection_dark_messy_kitchen_57_67c3c634.json objects=15
WROTE annotation_hub/self_collection/object_candidates_free/dark_messy_kitchen/self_collection_dark_messy_kitchen_58_70ac6234.json objects=15
WROTE annotation_hub/self_collection/object_candidates_free/dark_messy_kitchen/self_collection_dark_messy_kitchen_59_605a7fc4.json objects=15
WROTE annotation_hub/self_collection/object_candidates_free/dark_messy_kitchen/self_collection_dark_messy_kitchen_60_942cacec.json objects=15
WROTE annotation_hub/self_collection/object_candidates_free/dark_messy_kitchen/self_collection_dark_messy_kitchen_61_6b8fd278.json objects=15
WROTE annotation_hub/self_collection/object_candidates_free/dark_messy_kitchen/self_collection_dark_messy_kitchen_62_e44eea32.json objects=15
WROTE annotation_hub/self_collection/object_candidates_free/dark_messy_kitchen/self_collection_dark_messy_kitchen_63_3f9646ef.json objects=15
WROTE annotation_hub/self_collection/object_candidates_free/dark_messy_kitchen/self_collection_dark_messy_kitchen_64_5679f582.json objects=15
WROTE annotation_hub/self_collection/object_candidates_free/dark_messy_kitchen/self_collection_dark_messy_kitchen_65_c91ac6ff.json objects=15
WROTE annotation_hub/self_collection/object_candidates_free/dark_messy_kitchen/self_collection_dark_messy_kitchen_66_5d75d256.json objects=15
WROTE annotation_hub/self_collection/object_candidates_free/dark_messy_kitchen/self_collection_dark_messy_kitchen_67_f476427b.json objects=15
WROTE annotation_hub/self_collection/object_candidates_free/dark_messy_kitchen/self_collection_dark_messy_kitchen_68_274fac37.json objects=15
WROTE annotation_hub/self_collection/object_candidates_free/dark_messy_kitchen/self_collection_dark_messy_kitchen_69_a21d4b25.json objects=15
WROTE annotation_hub/self_collection/object_candidates_free/dark_messy_kitchen/self_collection_dark_messy_kitchen_70_73dfb320.json objects=14
WROTE annotation_hub/self_collection/object_candidates_free/dark_messy_kitchen/self_collection_dark_messy_kitchen_71_b77a54af.json objects=15
WROTE annotation_hub/self_collection/object_candidates_free/dark_messy_kitchen/self_collection_dark_messy_kitchen_72_c548b2ff.json objects=15
WROTE annotation_hub/self_collection/object_candidates_free/dark_messy_kitchen/self_collection_dark_messy_kitchen_73_612133ca.json objects=15
WROTE annotation_hub/self_collection/object_candidates_free/dark_messy_kitchen/self_collection_dark_messy_kitchen_74_6eda3697.json objects=15
WROTE annotation_hub/self_collection/object_candidates_free/dark_messy_kitchen/self_collection_dark_messy_kitchen_75_f25812a4.json objects=15
WROTE annotation_hub/self_collection/object_candidates_free/dark_messy_kitchen/self_collection_dark_messy_kitchen_76_b5b64324.json objects=15
WROTE annotation_hub/self_collection/object_candidates_free/dark_messy_kitchen/self_collection_dark_messy_kitchen_77_3da5780e.json objects=15
WROTE annotation_hub/self_collection/object_candidates_free/dark_messy_kitchen/self_collection_dark_messy_kitchen_78_16fc73bc.json objects=12
WROTE annotation_hub/self_collection/object_candidates_free/dark_messy_kitchen/self_collection_dark_messy_kitchen_79_711980cf.json objects=15
WROTE annotation_hub/self_collection/object_candidates_free/dark_messy_kitchen/self_collection_dark_messy_kitchen_80_0a888a7e.json objects=15
WROTE annotation_hub/self_collection/object_candidates_free/dark_messy_kitchen/self_collection_dark_messy_kitchen_81_c31d0e81.json objects=15
WROTE annotation_hub/self_collection/object_candidates_free/dark_messy_kitchen/self_collection_dark_messy_kitchen_82_23f8f73e.json objects=12
WROTE annotation_hub/self_collection/object_candidates_free/dark_messy_kitchen/self_collection_dark_messy_kitchen_83_0a8311e7.json objects=15
WROTE annotation_hub/self_collection/object_candidates_free/dark_messy_kitchen/self_collection_dark_messy_kitchen_84_fa061b58.json objects=15
WROTE annotation_hub/self_collection/object_candidates_free/dark_messy_kitchen/self_collection_dark_messy_kitchen_85_ef0a6696.json objects=15
WROTE annotation_hub/self_collection/object_candidates_free/dark_messy_kitchen/self_collection_dark_messy_kitchen_86_a5a12954.json objects=15
WROTE annotation_hub/self_collection/object_candidates_free/dark_messy_kitchen/self_collection_dark_messy_kitchen_87_a4456144.json objects=15
WROTE annotation_hub/self_collection/object_candidates_free/dark_messy_kitchen/self_collection_dark_messy_kitchen_88_446b22cf.json objects=9
WROTE annotation_hub/self_collection/object_candidates_free/dark_messy_kitchen/self_collection_dark_messy_kitchen_89_276cf230.json objects=15
WROTE annotation_hub/self_collection/object_candidates_free/dark_messy_kitchen/self_collection_dark_messy_kitchen_90_ecaab49b.json objects=15
WROTE annotation_hub/self_collection/object_candidates_free/dark_messy_kitchen/self_collection_dark_messy_kitchen_91_40560259.json objects=15
WROTE annotation_hub/self_collection/object_candidates_free/dark_messy_kitchen/self_collection_dark_messy_kitchen_92_0bf4e194.json objects=11
WROTE annotation_hub/self_collection/object_candidates_free/dark_messy_kitchen/self_collection_dark_messy_kitchen_93_bc7305c0.json objects=15
WROTE annotation_hub/self_collection/object_candidates_free/dark_messy_kitchen/self_collection_dark_messy_kitchen_94_1a1d9741.json objects=15
WROTE annotation_hub/self_collection/object_candidates_free/dark_messy_kitchen/self_collection_dark_messy_kitchen_95_88b18f38.json objects=15
WROTE annotation_hub/self_collection/object_candidates_free/dark_messy_kitchen/self_collection_dark_messy_kitchen_96_97fa3095.json objects=12
WROTE annotation_hub/self_collection/object_candidates_free/dark_messy_kitchen/self_collection_dark_messy_kitchen_97_bbe7db04.json objects=15
WROTE annotation_hub/self_collection/object_candidates_free/dark_messy_kitchen/self_collection_dark_messy_kitchen_98_b12b2afa.json objects=15
WROTE annotation_hub/self_collection/object_candidates_free/dark_messy_kitchen/self_collection_dark_messy_kitchen_99_411e8f67.json objects=15
WROTE annotation_hub/self_collection/object_candidates_free/dark_messy_living_room/self_collection_dark_messy_living_room_0_5639e1ef.json objects=15
WROTE annotation_hub/self_collection/object_candidates_free/dark_messy_living_room/self_collection_dark_messy_living_room_1_bff3bb22.json objects=15
WROTE annotation_hub/self_collection/object_candidates_free/dark_messy_living_room/self_collection_dark_messy_living_room_2_8ab434ce.json objects=15
WROTE annotation_hub/self_collection/object_candidates_free/dark_messy_living_room/self_collection_dark_messy_living_room_3_18f72eaf.json objects=15
WROTE annotation_hub/self_collection/object_candidates_free/dark_messy_living_room/self_collection_dark_messy_living_room_4_e6f65fc2.json objects=15
WROTE annotation_hub/self_collection/object_candidates_free/dark_messy_living_room/self_collection_dark_messy_living_room_5_2c85719c.json objects=15
WROTE annotation_hub/self_collection/object_candidates_free/dark_messy_living_room/self_collection_dark_messy_living_room_6_e2bf82b7.json objects=15
WROTE annotation_hub/self_collection/object_candidates_free/dark_messy_living_room/self_collection_dark_messy_living_room_7_4f8d845c.json objects=15
WROTE annotation_hub/self_collection/object_candidates_free/dark_messy_living_room/self_collection_dark_messy_living_room_8_5b9bbc24.json objects=15
WROTE annotation_hub/self_collection/object_candidates_free/dark_messy_living_room/self_collection_dark_messy_living_room_9_cad727d0.json objects=15
WROTE annotation_hub/self_collection/object_candidates_free/dark_messy_living_room/self_collection_dark_messy_living_room_10_f60d6ae7.json objects=15
WROTE annotation_hub/self_collection/object_candidates_free/dark_messy_living_room/self_collection_dark_messy_living_room_11_e92ba886.json objects=15
WROTE annotation_hub/self_collection/object_candidates_free/dark_messy_living_room/self_collection_dark_messy_living_room_12_21adb1e4.json objects=15
WROTE annotation_hub/self_collection/object_candidates_free/dark_messy_living_room/self_collection_dark_messy_living_room_13_8bca2e06.json objects=13
WROTE annotation_hub/self_collection/object_candidates_free/dark_messy_living_room/self_collection_dark_messy_living_room_14_144e1c03.json objects=15
WROTE annotation_hub/self_collection/object_candidates_free/dark_messy_living_room/self_collection_dark_messy_living_room_15_b5f8caed.json objects=15
WROTE annotation_hub/self_collection/object_candidates_free/dark_messy_living_room/self_collection_dark_messy_living_room_16_c8ccc884.json objects=15
WROTE annotation_hub/self_collection/object_candidates_free/dark_messy_living_room/self_collection_dark_messy_living_room_17_27a19161.json objects=15
WROTE annotation_hub/self_collection/object_candidates_free/dark_messy_living_room/self_collection_dark_messy_living_room_18_5a948940.json objects=15
WROTE annotation_hub/self_collection/object_candidates_free/dark_messy_living_room/self_collection_dark_messy_living_room_19_126a221a.json objects=15
WROTE annotation_hub/self_collection/object_candidates_free/dark_messy_living_room/self_collection_dark_messy_living_room_20_00ab9338.json objects=15
WROTE annotation_hub/self_collection/object_candidates_free/dark_messy_living_room/self_collection_dark_messy_living_room_21_9da31ffc.json objects=15
WROTE annotation_hub/self_collection/object_candidates_free/dark_messy_living_room/self_collection_dark_messy_living_room_22_db92832b.json objects=15
WROTE annotation_hub/self_collection/object_candidates_free/dark_messy_living_room/self_collection_dark_messy_living_room_23_e4a40d24.json objects=15
WROTE annotation_hub/self_collection/object_candidates_free/dark_messy_living_room/self_collection_dark_messy_living_room_24_527d3fad.json objects=15
WROTE annotation_hub/self_collection/object_candidates_free/dark_messy_living_room/self_collection_dark_messy_living_room_25_fce08687.json objects=15
WROTE annotation_hub/self_collection/object_candidates_free/dark_messy_living_room/self_collection_dark_messy_living_room_26_b50f819a.json objects=15
WROTE annotation_hub/self_collection/object_candidates_free/dark_messy_living_room/self_collection_dark_messy_living_room_27_4cedc821.json objects=15
WROTE annotation_hub/self_collection/object_candidates_free/dark_messy_living_room/self_collection_dark_messy_living_room_28_defe26f4.json objects=15
WROTE annotation_hub/self_collection/object_candidates_free/dark_messy_living_room/self_collection_dark_messy_living_room_29_1f99230a.json objects=12
WROTE annotation_hub/self_collection/object_candidates_free/dark_messy_living_room/self_collection_dark_messy_living_room_30_85e2a372.json objects=15
WROTE annotation_hub/self_collection/object_candidates_free/dark_messy_living_room/self_collection_dark_messy_living_room_31_8b34897a.json objects=15
WROTE annotation_hub/self_collection/object_candidates_free/dark_messy_living_room/self_collection_dark_messy_living_room_32_1cf9f852.json objects=15
WROTE annotation_hub/self_collection/object_candidates_free/dark_messy_living_room/self_collection_dark_messy_living_room_33_eba93618.json objects=15
WROTE annotation_hub/self_collection/object_candidates_free/dark_messy_living_room/self_collection_dark_messy_living_room_34_7e5fc829.json objects=15
WROTE annotation_hub/self_collection/object_candidates_free/dark_messy_living_room/self_collection_dark_messy_living_room_35_3f9ba8c4.json objects=15
WROTE annotation_hub/self_collection/object_candidates_free/dark_messy_living_room/self_collection_dark_messy_living_room_36_cb354421.json objects=15
WROTE annotation_hub/self_collection/object_candidates_free/dark_messy_living_room/self_collection_dark_messy_living_room_37_391bf1b8.json objects=15
WROTE annotation_hub/self_collection/object_candidates_free/dark_messy_living_room/self_collection_dark_messy_living_room_38_511abdca.json objects=15
WROTE annotation_hub/self_collection/object_candidates_free/dark_messy_living_room/self_collection_dark_messy_living_room_39_cdb3149c.json objects=15
WROTE annotation_hub/self_collection/object_candidates_free/dark_messy_living_room/self_collection_dark_messy_living_room_40_c9e71156.json objects=15
WROTE annotation_hub/self_collection/object_candidates_free/dark_messy_living_room/self_collection_dark_messy_living_room_41_4cfc86ec.json objects=15
WROTE annotation_hub/self_collection/object_candidates_free/dark_messy_living_room/self_collection_dark_messy_living_room_42_97719f80.json objects=15
WROTE annotation_hub/self_collection/object_candidates_free/dark_messy_living_room/self_collection_dark_messy_living_room_43_0703a22a.json objects=15
WROTE annotation_hub/self_collection/object_candidates_free/dark_messy_living_room/self_collection_dark_messy_living_room_44_89d2fb42.json objects=15
WROTE annotation_hub/self_collection/object_candidates_free/dark_messy_living_room/self_collection_dark_messy_living_room_45_61bb40d5.json objects=15
WROTE annotation_hub/self_collection/object_candidates_free/dark_messy_living_room/self_collection_dark_messy_living_room_46_7c066a7d.json objects=15
WROTE annotation_hub/self_collection/object_candidates_free/dark_messy_living_room/self_collection_dark_messy_living_room_47_6cb05d49.json objects=15
WROTE annotation_hub/self_collection/object_candidates_free/dark_messy_living_room/self_collection_dark_messy_living_room_48_3e15d479.json objects=15
WROTE annotation_hub/self_collection/object_candidates_free/dark_messy_living_room/self_collection_dark_messy_living_room_49_f1a82949.json objects=15
WROTE annotation_hub/self_collection/object_candidates_free/dark_messy_living_room/self_collection_dark_messy_living_room_50_223506f3.json objects=14
WROTE annotation_hub/self_collection/object_candidates_free/dark_messy_living_room/self_collection_dark_messy_living_room_51_5143fdc2.json objects=15
WROTE annotation_hub/self_collection/object_candidates_free/dark_messy_living_room/self_collection_dark_messy_living_room_52_50878b56.json objects=15
WROTE annotation_hub/self_collection/object_candidates_free/dark_messy_living_room/self_collection_dark_messy_living_room_53_2747672e.json objects=15
WROTE annotation_hub/self_collection/object_candidates_free/dark_messy_living_room/self_collection_dark_messy_living_room_54_46493d63.json objects=15
WROTE annotation_hub/self_collection/object_candidates_free/dark_messy_living_room/self_collection_dark_messy_living_room_55_a5e8b726.json objects=15
WROTE annotation_hub/self_collection/object_candidates_free/dark_messy_living_room/self_collection_dark_messy_living_room_56_fa4a095f.json objects=15
WROTE annotation_hub/self_collection/object_candidates_free/dark_messy_living_room/self_collection_dark_messy_living_room_57_b46b0f06.json objects=15
WROTE annotation_hub/self_collection/object_candidates_free/dark_messy_living_room/self_collection_dark_messy_living_room_58_cf9c803c.json objects=15
WROTE annotation_hub/self_collection/object_candidates_free/dark_messy_living_room/self_collection_dark_messy_living_room_59_02283e5d.json objects=15
WROTE annotation_hub/self_collection/object_candidates_free/dark_messy_living_room/self_collection_dark_messy_living_room_60_3472db0a.json objects=15
WROTE annotation_hub/self_collection/object_candidates_free/dark_messy_living_room/self_collection_dark_messy_living_room_61_b9dc67be.json objects=15
WROTE annotation_hub/self_collection/object_candidates_free/dark_messy_living_room/self_collection_dark_messy_living_room_62_121e5c46.json objects=15
WROTE annotation_hub/self_collection/object_candidates_free/dark_messy_living_room/self_collection_dark_messy_living_room_63_bd5a22a4.json objects=15
WROTE annotation_hub/self_collection/object_candidates_free/dark_messy_living_room/self_collection_dark_messy_living_room_64_d8caacb6.json objects=15
WROTE annotation_hub/self_collection/object_candidates_free/dark_messy_living_room/self_collection_dark_messy_living_room_65_d8ec1481.json objects=15
WROTE annotation_hub/self_collection/object_candidates_free/dark_messy_living_room/self_collection_dark_messy_living_room_66_23ba9410.json objects=15
WROTE annotation_hub/self_collection/object_candidates_free/dark_messy_living_room/self_collection_dark_messy_living_room_67_f42472a2.json objects=15
WROTE annotation_hub/self_collection/object_candidates_free/dark_messy_living_room/self_collection_dark_messy_living_room_68_c60c10a0.json objects=15
WROTE annotation_hub/self_collection/object_candidates_free/dark_messy_living_room/self_collection_dark_messy_living_room_69_1e9fa9b0.json objects=15
WROTE annotation_hub/self_collection/object_candidates_free/dark_messy_living_room/self_collection_dark_messy_living_room_70_30c536a4.json objects=15
WROTE annotation_hub/self_collection/object_candidates_free/dark_messy_living_room/self_collection_dark_messy_living_room_71_bc56b61d.json objects=15
WROTE annotation_hub/self_collection/object_candidates_free/dark_messy_living_room/self_collection_dark_messy_living_room_72_6dca0125.json objects=15
WROTE annotation_hub/self_collection/object_candidates_free/dark_messy_living_room/self_collection_dark_messy_living_room_73_a2ad1375.json objects=15
WROTE annotation_hub/self_collection/object_candidates_free/dark_messy_living_room/self_collection_dark_messy_living_room_74_3434a73a.json objects=15
WROTE annotation_hub/self_collection/object_candidates_free/dark_messy_living_room/self_collection_dark_messy_living_room_75_d947d628.json objects=12
WROTE annotation_hub/self_collection/object_candidates_free/dark_messy_living_room/self_collection_dark_messy_living_room_76_dcb1321e.json objects=15
WROTE annotation_hub/self_collection/object_candidates_free/dark_messy_living_room/self_collection_dark_messy_living_room_77_2fe97556.json objects=15
WROTE annotation_hub/self_collection/object_candidates_free/dark_messy_living_room/self_collection_dark_messy_living_room_78_8001ea43.json objects=15
WROTE annotation_hub/self_collection/object_candidates_free/dark_messy_living_room/self_collection_dark_messy_living_room_79_3a0223b6.json objects=15
WROTE annotation_hub/self_collection/object_candidates_free/dark_messy_living_room/self_collection_dark_messy_living_room_80_2c95f779.json objects=15
WROTE annotation_hub/self_collection/object_candidates_free/dark_messy_living_room/self_collection_dark_messy_living_room_81_28ef6d18.json objects=15
WROTE annotation_hub/self_collection/object_candidates_free/dark_messy_living_room/self_collection_dark_messy_living_room_82_1364638d.json objects=15
WROTE annotation_hub/self_collection/object_candidates_free/dark_messy_living_room/self_collection_dark_messy_living_room_83_0c08b7b4.json objects=15
WROTE annotation_hub/self_collection/object_candidates_free/dark_messy_living_room/self_collection_dark_messy_living_room_84_9d74cdb7.json objects=15
WROTE annotation_hub/self_collection/object_candidates_free/dark_messy_living_room/self_collection_dark_messy_living_room_85_063eabbd.json objects=14
WROTE annotation_hub/self_collection/object_candidates_free/dark_messy_living_room/self_collection_dark_messy_living_room_86_97c7a8e6.json objects=15
WROTE annotation_hub/self_collection/object_candidates_free/dark_messy_living_room/self_collection_dark_messy_living_room_87_9db3f709.json objects=15
WROTE annotation_hub/self_collection/object_candidates_free/dark_messy_living_room/self_collection_dark_messy_living_room_88_0a1a7ed0.json objects=15
WROTE annotation_hub/self_collection/object_candidates_free/dark_messy_living_room/self_collection_dark_messy_living_room_89_0d59b9be.json objects=15
WROTE annotation_hub/self_collection/object_candidates_free/dark_messy_living_room/self_collection_dark_messy_living_room_90_3515fd67.json objects=14
WROTE annotation_hub/self_collection/object_candidates_free/dark_messy_living_room/self_collection_dark_messy_living_room_91_392ee084.json objects=15
WROTE annotation_hub/self_collection/object_candidates_free/dark_messy_living_room/self_collection_dark_messy_living_room_92_01f00d1c.json objects=15
WROTE annotation_hub/self_collection/object_candidates_free/dark_messy_living_room/self_collection_dark_messy_living_room_93_9fd04f0c.json objects=15
WROTE annotation_hub/self_collection/object_candidates_free/dark_messy_living_room/self_collection_dark_messy_living_room_94_856d78e2.json objects=15
WROTE annotation_hub/self_collection/object_candidates_free/dark_messy_living_room/self_collection_dark_messy_living_room_95_caee60d3.json objects=15
WROTE annotation_hub/self_collection/object_candidates_free/dark_messy_living_room/self_collection_dark_messy_living_room_96_8d63cae0.json objects=15
WROTE annotation_hub/self_collection/object_candidates_free/dark_messy_living_room/self_collection_dark_messy_living_room_97_d9d1d171.json objects=15
WROTE annotation_hub/self_collection/object_candidates_free/dark_messy_living_room/self_collection_dark_messy_living_room_98_86ec26a6.json objects=15
WROTE annotation_hub/self_collection/object_candidates_free/dark_messy_living_room/self_collection_dark_messy_living_room_99_6d802d6c.json objects=8
WROTE annotation_hub/self_collection/object_candidates_free/desk/self_collection_desk_0_c6f8c4a3.json objects=15
WROTE annotation_hub/self_collection/object_candidates_free/desk/self_collection_desk_1_9adda09b.json objects=15
WROTE annotation_hub/self_collection/object_candidates_free/desk/self_collection_desk_2_1ec2d5f3.json objects=15
WROTE annotation_hub/self_collection/object_candidates_free/desk/self_collection_desk_3_56097462.json objects=15
WROTE annotation_hub/self_collection/object_candidates_free/desk/self_collection_desk_4_4ae58bb7.json objects=15
WROTE annotation_hub/self_collection/object_candidates_free/desk/self_collection_desk_5_3246a77f.json objects=15
WROTE annotation_hub/self_collection/object_candidates_free/desk/self_collection_desk_6_ecc5113d.json objects=15
WROTE annotation_hub/self_collection/object_candidates_free/desk/self_collection_desk_7_88b8c907.json objects=15
WROTE annotation_hub/self_collection/object_candidates_free/desk/self_collection_desk_8_e978a2d1.json objects=11
WROTE annotation_hub/self_collection/object_candidates_free/desk/self_collection_desk_9_d029ac0b.json objects=15
WROTE annotation_hub/self_collection/object_candidates_free/desk/self_collection_desk_10_43fd1737.json objects=15
WROTE annotation_hub/self_collection/object_candidates_free/desk/self_collection_desk_11_2fc22299.json objects=14
WROTE annotation_hub/self_collection/object_candidates_free/desk/self_collection_desk_12_4e9ded02.json objects=15
WROTE annotation_hub/self_collection/object_candidates_free/desk/self_collection_desk_13_8ed71d3f.json objects=15
WROTE annotation_hub/self_collection/object_candidates_free/desk/self_collection_desk_14_dbcc2bbb.json objects=15
WROTE annotation_hub/self_collection/object_candidates_free/desk/self_collection_desk_15_f60ecad5.json objects=14
WROTE annotation_hub/self_collection/object_candidates_free/desk/self_collection_desk_16_d48ab31c.json objects=15
WROTE annotation_hub/self_collection/object_candidates_free/desk/self_collection_desk_17_83b80081.json objects=15
WROTE annotation_hub/self_collection/object_candidates_free/desk/self_collection_desk_18_e607292f.json objects=15
WROTE annotation_hub/self_collection/object_candidates_free/desk/self_collection_desk_19_6eadc7ef.json objects=15
WROTE annotation_hub/self_collection/object_candidates_free/desk/self_collection_desk_20_ad7ec6ff.json objects=13
WROTE annotation_hub/self_collection/object_candidates_free/desk/self_collection_desk_21_33d5153c.json objects=15
WROTE annotation_hub/self_collection/object_candidates_free/desk/self_collection_desk_22_feca7fd4.json objects=15
WROTE annotation_hub/self_collection/object_candidates_free/desk/self_collection_desk_23_99b4d7ee.json objects=15
WROTE annotation_hub/self_collection/object_candidates_free/desk/self_collection_desk_24_48eaf157.json objects=15
WROTE annotation_hub/self_collection/object_candidates_free/desk/self_collection_desk_25_5d6a1616.json objects=15
WROTE annotation_hub/self_collection/object_candidates_free/desk/self_collection_desk_26_cb55c55d.json objects=15
WROTE annotation_hub/self_collection/object_candidates_free/desk/self_collection_desk_27_1132ef1a.json objects=15
WROTE annotation_hub/self_collection/object_candidates_free/desk/self_collection_desk_28_208eae6c.json objects=15
WROTE annotation_hub/self_collection/object_candidates_free/desk/self_collection_desk_29_b31c8b65.json objects=15
WROTE annotation_hub/self_collection/object_candidates_free/desk/self_collection_desk_30_c3e6df9a.json objects=15
WROTE annotation_hub/self_collection/object_candidates_free/desk/self_collection_desk_31_e33cab32.json objects=15
WROTE annotation_hub/self_collection/object_candidates_free/desk/self_collection_desk_32_7fcfe57c.json objects=15
WROTE annotation_hub/self_collection/object_candidates_free/desk/self_collection_desk_33_5e846789.json objects=15
WROTE annotation_hub/self_collection/object_candidates_free/desk/self_collection_desk_34_bff11ec9.json objects=15
WROTE annotation_hub/self_collection/object_candidates_free/desk/self_collection_desk_35_7e01ea84.json objects=15
WROTE annotation_hub/self_collection/object_candidates_free/desk/self_collection_desk_36_11d14477.json objects=15
WROTE annotation_hub/self_collection/object_candidates_free/desk/self_collection_desk_37_081c8458.json objects=15
WROTE annotation_hub/self_collection/object_candidates_free/desk/self_collection_desk_38_62f1bdda.json objects=15
WROTE annotation_hub/self_collection/object_candidates_free/desk/self_collection_desk_39_3f618c30.json objects=15
WROTE annotation_hub/self_collection/object_candidates_free/desk/self_collection_desk_40_0a0a377e.json objects=15
WROTE annotation_hub/self_collection/object_candidates_free/desk/self_collection_desk_41_56dd6536.json objects=15
WROTE annotation_hub/self_collection/object_candidates_free/desk/self_collection_desk_42_75e659fd.json objects=15
WROTE annotation_hub/self_collection/object_candidates_free/desk/self_collection_desk_43_5af01f30.json objects=15
WROTE annotation_hub/self_collection/object_candidates_free/desk/self_collection_desk_44_97d94e14.json objects=15
WROTE annotation_hub/self_collection/object_candidates_free/desk/self_collection_desk_45_fcdc0801.json objects=15
WROTE annotation_hub/self_collection/object_candidates_free/desk/self_collection_desk_46_e0826b6a.json objects=15
WROTE annotation_hub/self_collection/object_candidates_free/desk/self_collection_desk_47_49a80837.json objects=15
WROTE annotation_hub/self_collection/object_candidates_free/desk/self_collection_desk_48_53a21b99.json objects=15
WROTE annotation_hub/self_collection/object_candidates_free/desk/self_collection_desk_49_9fc37ea2.json objects=15
WROTE annotation_hub/self_collection/object_candidates_free/desk/self_collection_desk_50_fcf6183f.json objects=15
WROTE annotation_hub/self_collection/object_candidates_free/desk/self_collection_desk_51_e70424ac.json objects=15
WROTE annotation_hub/self_collection/object_candidates_free/desk/self_collection_desk_52_f891d191.json objects=15
WROTE annotation_hub/self_collection/object_candidates_free/desk/self_collection_desk_53_cadc1a1b.json objects=15
WROTE annotation_hub/self_collection/object_candidates_free/desk/self_collection_desk_54_5f74aeca.json objects=11
WROTE annotation_hub/self_collection/object_candidates_free/desk/self_collection_desk_55_c01bd1c8.json objects=15
WROTE annotation_hub/self_collection/object_candidates_free/desk/self_collection_desk_56_19cac2b8.json objects=15
WROTE annotation_hub/self_collection/object_candidates_free/desk/self_collection_desk_57_67b71114.json objects=15
WROTE annotation_hub/self_collection/object_candidates_free/desk/self_collection_desk_58_a06bc4b8.json objects=12
WROTE annotation_hub/self_collection/object_candidates_free/desk/self_collection_desk_59_26e84c76.json objects=15
WROTE annotation_hub/self_collection/object_candidates_free/desk/self_collection_desk_60_2e8b30c3.json objects=15
WROTE annotation_hub/self_collection/object_candidates_free/desk/self_collection_desk_61_3258595f.json objects=15
WROTE annotation_hub/self_collection/object_candidates_free/desk/self_collection_desk_62_ae707ce9.json objects=15
WROTE annotation_hub/self_collection/object_candidates_free/desk/self_collection_desk_63_58593fca.json objects=12
WROTE annotation_hub/self_collection/object_candidates_free/desk/self_collection_desk_64_023f2539.json objects=15
WROTE annotation_hub/self_collection/object_candidates_free/desk/self_collection_desk_65_1c109e9c.json objects=15
WROTE annotation_hub/self_collection/object_candidates_free/desk/self_collection_desk_66_31e85b18.json objects=15
WROTE annotation_hub/self_collection/object_candidates_free/desk/self_collection_desk_67_c3943cf7.json objects=11
WROTE annotation_hub/self_collection/object_candidates_free/desk/self_collection_desk_68_9ed07984.json objects=15
WROTE annotation_hub/self_collection/object_candidates_free/desk/self_collection_desk_69_a51491d1.json objects=15
WROTE annotation_hub/self_collection/object_candidates_free/desk/self_collection_desk_70_e139fff8.json objects=15
WROTE annotation_hub/self_collection/object_candidates_free/desk/self_collection_desk_71_2d75151f.json objects=15
WROTE annotation_hub/self_collection/object_candidates_free/desk/self_collection_desk_72_1da12a6b.json objects=15
WROTE annotation_hub/self_collection/object_candidates_free/desk/self_collection_desk_73_d69aba62.json objects=15
WROTE annotation_hub/self_collection/object_candidates_free/desk/self_collection_desk_74_ee2a6a16.json objects=15
WROTE annotation_hub/self_collection/object_candidates_free/desk/self_collection_desk_75_10907c5c.json objects=15
WROTE annotation_hub/self_collection/object_candidates_free/desk/self_collection_desk_76_7d3fba78.json objects=15
WROTE annotation_hub/self_collection/object_candidates_free/desk/self_collection_desk_77_82af77ec.json objects=15
WROTE annotation_hub/self_collection/object_candidates_free/desk/self_collection_desk_78_06c15cf0.json objects=15
WROTE annotation_hub/self_collection/object_candidates_free/desk/self_collection_desk_79_1d1bb7ed.json objects=15
WROTE annotation_hub/self_collection/object_candidates_free/desk/self_collection_desk_80_394076c0.json objects=15
WROTE annotation_hub/self_collection/object_candidates_free/desk/self_collection_desk_81_a0fc73c5.json objects=15
WROTE annotation_hub/self_collection/object_candidates_free/desk/self_collection_desk_82_d872193a.json objects=15
WROTE annotation_hub/self_collection/object_candidates_free/desk/self_collection_desk_83_02aa9b3f.json objects=15
WROTE annotation_hub/self_collection/object_candidates_free/desk/self_collection_desk_84_6ea46bd0.json objects=15
WROTE annotation_hub/self_collection/object_candidates_free/desk/self_collection_desk_85_fd983468.json objects=15
WROTE annotation_hub/self_collection/object_candidates_free/desk/self_collection_desk_86_6a643a82.json objects=15
WROTE annotation_hub/self_collection/object_candidates_free/desk/self_collection_desk_87_3f2dac67.json objects=15
WROTE annotation_hub/self_collection/object_candidates_free/desk/self_collection_desk_88_43909a4c.json objects=15
WROTE annotation_hub/self_collection/object_candidates_free/desk/self_collection_desk_89_1d8081e0.json objects=15
WROTE annotation_hub/self_collection/object_candidates_free/desk/self_collection_desk_90_366decbb.json objects=15
WROTE annotation_hub/self_collection/object_candidates_free/desk/self_collection_desk_91_cd978dd0.json objects=15
WROTE annotation_hub/self_collection/object_candidates_free/desk/self_collection_desk_92_d79244a5.json objects=15
WROTE annotation_hub/self_collection/object_candidates_free/desk/self_collection_desk_93_945dedcd.json objects=15
WROTE annotation_hub/self_collection/object_candidates_free/desk/self_collection_desk_94_8261d6f4.json objects=15
WROTE annotation_hub/self_collection/object_candidates_free/desk/self_collection_desk_95_0d31287a.json objects=15
WROTE annotation_hub/self_collection/object_candidates_free/desk/self_collection_desk_96_faf61de2.json objects=15
WROTE annotation_hub/self_collection/object_candidates_free/desk/self_collection_desk_97_696a1974.json objects=15
WROTE annotation_hub/self_collection/object_candidates_free/desk/self_collection_desk_98_4ceec05b.json objects=15
WROTE annotation_hub/self_collection/object_candidates_free/desk/self_collection_desk_99_67f7589e.json objects=15
WROTE annotation_hub/self_collection/object_candidates_free/messy_desk/self_collection_messy_desk_0_014330e8.json objects=15
WROTE annotation_hub/self_collection/object_candidates_free/messy_desk/self_collection_messy_desk_1_c3ff3436.json objects=15
WROTE annotation_hub/self_collection/object_candidates_free/messy_desk/self_collection_messy_desk_2_892cbf3b.json objects=15
WROTE annotation_hub/self_collection/object_candidates_free/messy_desk/self_collection_messy_desk_3_13d6ad0d.json objects=15
WROTE annotation_hub/self_collection/object_candidates_free/messy_desk/self_collection_messy_desk_4_4a7c53a4.json objects=15
WROTE annotation_hub/self_collection/object_candidates_free/messy_desk/self_collection_messy_desk_5_c758aa04.json objects=15
WROTE annotation_hub/self_collection/object_candidates_free/messy_desk/self_collection_messy_desk_6_e0a2da27.json objects=15
WROTE annotation_hub/self_collection/object_candidates_free/messy_desk/self_collection_messy_desk_7_f927093a.json objects=15
WROTE annotation_hub/self_collection/object_candidates_free/messy_desk/self_collection_messy_desk_8_01a1601d.json objects=15
WROTE annotation_hub/self_collection/object_candidates_free/messy_desk/self_collection_messy_desk_9_00b5bdfe.json objects=15
WROTE annotation_hub/self_collection/object_candidates_free/messy_desk/self_collection_messy_desk_10_6881a892.json objects=15
WROTE annotation_hub/self_collection/object_candidates_free/messy_desk/self_collection_messy_desk_11_08e0e7d5.json objects=15
WROTE annotation_hub/self_collection/object_candidates_free/messy_desk/self_collection_messy_desk_12_07b279ba.json objects=15
WROTE annotation_hub/self_collection/object_candidates_free/messy_desk/self_collection_messy_desk_13_49c960e9.json objects=10
WROTE annotation_hub/self_collection/object_candidates_free/messy_desk/self_collection_messy_desk_14_9ef4530e.json objects=10
WROTE annotation_hub/self_collection/object_candidates_free/messy_desk/self_collection_messy_desk_15_a17ebd96.json objects=15
WROTE annotation_hub/self_collection/object_candidates_free/messy_desk/self_collection_messy_desk_16_77ee95a2.json objects=15
WROTE annotation_hub/self_collection/object_candidates_free/messy_desk/self_collection_messy_desk_17_11c55e4f.json objects=15
WROTE annotation_hub/self_collection/object_candidates_free/messy_desk/self_collection_messy_desk_18_ca135bee.json objects=15
WROTE annotation_hub/self_collection/object_candidates_free/messy_desk/self_collection_messy_desk_19_46c2dd28.json objects=12
WROTE annotation_hub/self_collection/object_candidates_free/messy_desk/self_collection_messy_desk_20_9e0fc816.json objects=15
WROTE annotation_hub/self_collection/object_candidates_free/messy_desk/self_collection_messy_desk_21_f7cce802.json objects=15
WROTE annotation_hub/self_collection/object_candidates_free/messy_desk/self_collection_messy_desk_22_5426fc9f.json objects=15
WROTE annotation_hub/self_collection/object_candidates_free/messy_desk/self_collection_messy_desk_23_153d43ae.json objects=15
WROTE annotation_hub/self_collection/object_candidates_free/messy_desk/self_collection_messy_desk_24_07220ee3.json objects=15
WROTE annotation_hub/self_collection/object_candidates_free/messy_desk/self_collection_messy_desk_25_235d7194.json objects=15
WROTE annotation_hub/self_collection/object_candidates_free/messy_desk/self_collection_messy_desk_26_c535e091.json objects=15
WROTE annotation_hub/self_collection/object_candidates_free/messy_desk/self_collection_messy_desk_27_fef09341.json objects=15
WROTE annotation_hub/self_collection/object_candidates_free/messy_desk/self_collection_messy_desk_28_1eb6d9ca.json objects=15
WROTE annotation_hub/self_collection/object_candidates_free/messy_desk/self_collection_messy_desk_29_acd857d4.json objects=15
WROTE annotation_hub/self_collection/object_candidates_free/messy_desk/self_collection_messy_desk_30_8df5fb2f.json objects=15
WROTE annotation_hub/self_collection/object_candidates_free/messy_desk/self_collection_messy_desk_31_985a9eca.json objects=15
WROTE annotation_hub/self_collection/object_candidates_free/messy_desk/self_collection_messy_desk_32_a36ee0cb.json objects=15
WROTE annotation_hub/self_collection/object_candidates_free/messy_desk/self_collection_messy_desk_33_41828ce9.json objects=15
WROTE annotation_hub/self_collection/object_candidates_free/messy_desk/self_collection_messy_desk_34_dd88161e.json objects=15
WROTE annotation_hub/self_collection/object_candidates_free/messy_desk/self_collection_messy_desk_35_22bd7900.json objects=15
WROTE annotation_hub/self_collection/object_candidates_free/messy_desk/self_collection_messy_desk_36_7ba49ebb.json objects=15
WROTE annotation_hub/self_collection/object_candidates_free/messy_desk/self_collection_messy_desk_37_52587154.json objects=15
WROTE annotation_hub/self_collection/object_candidates_free/messy_desk/self_collection_messy_desk_38_5c4a892a.json objects=15
WROTE annotation_hub/self_collection/object_candidates_free/messy_desk/self_collection_messy_desk_39_a536b5b6.json objects=15
WROTE annotation_hub/self_collection/object_candidates_free/messy_desk/self_collection_messy_desk_40_806fa1c1.json objects=15
WROTE annotation_hub/self_collection/object_candidates_free/messy_desk/self_collection_messy_desk_41_3c33eba5.json objects=15
WROTE annotation_hub/self_collection/object_candidates_free/messy_desk/self_collection_messy_desk_42_b2c51a96.json objects=15
WROTE annotation_hub/self_collection/object_candidates_free/messy_desk/self_collection_messy_desk_43_762f3760.json objects=15
WROTE annotation_hub/self_collection/object_candidates_free/messy_desk/self_collection_messy_desk_44_b48c1848.json objects=15
WROTE annotation_hub/self_collection/object_candidates_free/messy_desk/self_collection_messy_desk_45_6d59db29.json objects=11
WROTE annotation_hub/self_collection/object_candidates_free/messy_desk/self_collection_messy_desk_46_a2a95600.json objects=15
WROTE annotation_hub/self_collection/object_candidates_free/messy_desk/self_collection_messy_desk_47_b0101f39.json objects=15
WROTE annotation_hub/self_collection/object_candidates_free/messy_desk/self_collection_messy_desk_48_b940f3fc.json objects=15
WROTE annotation_hub/self_collection/object_candidates_free/messy_desk/self_collection_messy_desk_49_0ff51c76.json objects=15
WROTE annotation_hub/self_collection/object_candidates_free/messy_desk/self_collection_messy_desk_50_ebdc475a.json objects=15
WROTE annotation_hub/self_collection/object_candidates_free/messy_desk/self_collection_messy_desk_51_6718a975.json objects=11
WROTE annotation_hub/self_collection/object_candidates_free/messy_desk/self_collection_messy_desk_52_24067d4b.json objects=15
WROTE annotation_hub/self_collection/object_candidates_free/messy_desk/self_collection_messy_desk_53_a74255c2.json objects=15
WROTE annotation_hub/self_collection/object_candidates_free/messy_desk/self_collection_messy_desk_54_32f4d3ee.json objects=15
WROTE annotation_hub/self_collection/object_candidates_free/messy_desk/self_collection_messy_desk_55_2e41a051.json objects=15
WROTE annotation_hub/self_collection/object_candidates_free/messy_desk/self_collection_messy_desk_56_0e62c68e.json objects=15
WROTE annotation_hub/self_collection/object_candidates_free/messy_desk/self_collection_messy_desk_57_3e7cda23.json objects=15
WROTE annotation_hub/self_collection/object_candidates_free/messy_desk/self_collection_messy_desk_58_ad688f74.json objects=15
WROTE annotation_hub/self_collection/object_candidates_free/messy_desk/self_collection_messy_desk_59_92e554c5.json objects=15
WROTE annotation_hub/self_collection/object_candidates_free/messy_desk/self_collection_messy_desk_60_bbc73fff.json objects=15
WROTE annotation_hub/self_collection/object_candidates_free/messy_desk/self_collection_messy_desk_61_24258a2e.json objects=14
WROTE annotation_hub/self_collection/object_candidates_free/messy_desk/self_collection_messy_desk_62_2cc69403.json objects=9
WROTE annotation_hub/self_collection/object_candidates_free/messy_desk/self_collection_messy_desk_63_ede397ec.json objects=15
WROTE annotation_hub/self_collection/object_candidates_free/messy_desk/self_collection_messy_desk_64_86ddddac.json objects=14
WROTE annotation_hub/self_collection/object_candidates_free/messy_desk/self_collection_messy_desk_65_714bddc2.json objects=15
WROTE annotation_hub/self_collection/object_candidates_free/messy_desk/self_collection_messy_desk_66_067a8019.json objects=10
WROTE annotation_hub/self_collection/object_candidates_free/messy_desk/self_collection_messy_desk_67_e36df974.json objects=15
WROTE annotation_hub/self_collection/object_candidates_free/messy_desk/self_collection_messy_desk_68_4b585ed8.json objects=15
WROTE annotation_hub/self_collection/object_candidates_free/messy_desk/self_collection_messy_desk_69_2318e0b7.json objects=8
WROTE annotation_hub/self_collection/object_candidates_free/messy_desk/self_collection_messy_desk_70_77ad6415.json objects=15
WROTE annotation_hub/self_collection/object_candidates_free/messy_desk/self_collection_messy_desk_71_7636c4bb.json objects=11
WROTE annotation_hub/self_collection/object_candidates_free/messy_desk/self_collection_messy_desk_72_dbb4c6e7.json objects=15
WROTE annotation_hub/self_collection/object_candidates_free/messy_desk/self_collection_messy_desk_73_4b930dfe.json objects=15
WROTE annotation_hub/self_collection/object_candidates_free/messy_desk/self_collection_messy_desk_74_11ea1fb8.json objects=15
WROTE annotation_hub/self_collection/object_candidates_free/messy_desk/self_collection_messy_desk_75_56c81d1e.json objects=7
WROTE annotation_hub/self_collection/object_candidates_free/messy_desk/self_collection_messy_desk_76_4b442918.json objects=15
WROTE annotation_hub/self_collection/object_candidates_free/messy_desk/self_collection_messy_desk_77_a7fcbfec.json objects=15
WROTE annotation_hub/self_collection/object_candidates_free/messy_desk/self_collection_messy_desk_78_f484caf6.json objects=15
WROTE annotation_hub/self_collection/object_candidates_free/messy_desk/self_collection_messy_desk_79_16f28921.json objects=14
WROTE annotation_hub/self_collection/object_candidates_free/messy_desk/self_collection_messy_desk_80_560c6c3b.json objects=15
WROTE annotation_hub/self_collection/object_candidates_free/messy_desk/self_collection_messy_desk_81_5ee532b7.json objects=7
WROTE annotation_hub/self_collection/object_candidates_free/messy_desk/self_collection_messy_desk_82_08c5e9c7.json objects=15
WROTE annotation_hub/self_collection/object_candidates_free/messy_desk/self_collection_messy_desk_83_d30bb527.json objects=14
WROTE annotation_hub/self_collection/object_candidates_free/messy_desk/self_collection_messy_desk_84_36df240d.json objects=15
WROTE annotation_hub/self_collection/object_candidates_free/messy_desk/self_collection_messy_desk_85_a4875f48.json objects=15
WROTE annotation_hub/self_collection/object_candidates_free/messy_desk/self_collection_messy_desk_86_f7051019.json objects=15
WROTE annotation_hub/self_collection/object_candidates_free/messy_desk/self_collection_messy_desk_87_e15f4dc8.json objects=15
WROTE annotation_hub/self_collection/object_candidates_free/messy_desk/self_collection_messy_desk_88_a5a9d3d1.json objects=15
WROTE annotation_hub/self_collection/object_candidates_free/messy_desk/self_collection_messy_desk_89_ca5d102a.json objects=15
WROTE annotation_hub/self_collection/object_candidates_free/messy_desk/self_collection_messy_desk_90_786a3917.json objects=15
WROTE annotation_hub/self_collection/object_candidates_free/messy_desk/self_collection_messy_desk_91_57d29b4d.json objects=15
WROTE annotation_hub/self_collection/object_candidates_free/messy_desk/self_collection_messy_desk_92_8bddf885.json objects=15
WROTE annotation_hub/self_collection/object_candidates_free/messy_desk/self_collection_messy_desk_93_53073c4d.json objects=15
WROTE annotation_hub/self_collection/object_candidates_free/messy_desk/self_collection_messy_desk_94_78a898f3.json objects=15
WROTE annotation_hub/self_collection/object_candidates_free/messy_desk/self_collection_messy_desk_95_b8cf463a.json objects=15
WROTE annotation_hub/self_collection/object_candidates_free/messy_desk/self_collection_messy_desk_96_9014a442.json objects=15
WROTE annotation_hub/self_collection/object_candidates_free/messy_desk/self_collection_messy_desk_97_6d6f4016.json objects=15
WROTE annotation_hub/self_collection/object_candidates_free/messy_desk/self_collection_messy_desk_98_3c687595.json objects=15
WROTE annotation_hub/self_collection/object_candidates_free/messy_desk/self_collection_messy_desk_99_88883451.json objects=15
WROTE annotation_hub/self_collection/object_candidates_free/messy_living_room_with_mirror/self_collection_messy_living_room_with_mirror_0_5e9a7d59.json objects=15
WROTE annotation_hub/self_collection/object_candidates_free/messy_living_room_with_mirror/self_collection_messy_living_room_with_mirror_1_c74266da.json objects=15
WROTE annotation_hub/self_collection/object_candidates_free/messy_living_room_with_mirror/self_collection_messy_living_room_with_mirror_2_9621cea5.json objects=15
WROTE annotation_hub/self_collection/object_candidates_free/messy_living_room_with_mirror/self_collection_messy_living_room_with_mirror_3_bb1c8635.json objects=15
WROTE annotation_hub/self_collection/object_candidates_free/messy_living_room_with_mirror/self_collection_messy_living_room_with_mirror_4_f1bd31df.json objects=15
WROTE annotation_hub/self_collection/object_candidates_free/messy_living_room_with_mirror/self_collection_messy_living_room_with_mirror_5_95180c71.json objects=15
WROTE annotation_hub/self_collection/object_candidates_free/messy_living_room_with_mirror/self_collection_messy_living_room_with_mirror_6_cb5faddd.json objects=15
WROTE annotation_hub/self_collection/object_candidates_free/messy_living_room_with_mirror/self_collection_messy_living_room_with_mirror_7_dc3da9dd.json objects=15
WROTE annotation_hub/self_collection/object_candidates_free/messy_living_room_with_mirror/self_collection_messy_living_room_with_mirror_8_bdec1fce.json objects=15
WROTE annotation_hub/self_collection/object_candidates_free/messy_living_room_with_mirror/self_collection_messy_living_room_with_mirror_9_bd3eaf75.json objects=15
WROTE annotation_hub/self_collection/object_candidates_free/messy_living_room_with_mirror/self_collection_messy_living_room_with_mirror_10_8f0603da.json objects=15
WROTE annotation_hub/self_collection/object_candidates_free/messy_living_room_with_mirror/self_collection_messy_living_room_with_mirror_11_ed4091ef.json objects=15
WROTE annotation_hub/self_collection/object_candidates_free/messy_living_room_with_mirror/self_collection_messy_living_room_with_mirror_12_941225d4.json objects=15
WROTE annotation_hub/self_collection/object_candidates_free/messy_living_room_with_mirror/self_collection_messy_living_room_with_mirror_13_651cb399.json objects=15
WROTE annotation_hub/self_collection/object_candidates_free/messy_living_room_with_mirror/self_collection_messy_living_room_with_mirror_14_2053a446.json objects=15
WROTE annotation_hub/self_collection/object_candidates_free/messy_living_room_with_mirror/self_collection_messy_living_room_with_mirror_15_e6aa116d.json objects=15
WROTE annotation_hub/self_collection/object_candidates_free/messy_living_room_with_mirror/self_collection_messy_living_room_with_mirror_16_65a216e5.json objects=15
WROTE annotation_hub/self_collection/object_candidates_free/messy_living_room_with_mirror/self_collection_messy_living_room_with_mirror_17_c8199968.json objects=15
WROTE annotation_hub/self_collection/object_candidates_free/messy_living_room_with_mirror/self_collection_messy_living_room_with_mirror_18_c5b3a8e4.json objects=15
WROTE annotation_hub/self_collection/object_candidates_free/messy_living_room_with_mirror/self_collection_messy_living_room_with_mirror_19_d335c655.json objects=15
WROTE annotation_hub/self_collection/object_candidates_free/messy_living_room_with_mirror/self_collection_messy_living_room_with_mirror_20_706f3218.json objects=15
WROTE annotation_hub/self_collection/object_candidates_free/messy_living_room_with_mirror/self_collection_messy_living_room_with_mirror_21_ef4fd37d.json objects=15
WROTE annotation_hub/self_collection/object_candidates_free/messy_living_room_with_mirror/self_collection_messy_living_room_with_mirror_22_b65c15c7.json objects=15
WROTE annotation_hub/self_collection/object_candidates_free/messy_living_room_with_mirror/self_collection_messy_living_room_with_mirror_23_b9b2a462.json objects=15
WROTE annotation_hub/self_collection/object_candidates_free/messy_living_room_with_mirror/self_collection_messy_living_room_with_mirror_24_8ae5b2e6.json objects=15
WROTE annotation_hub/self_collection/object_candidates_free/messy_living_room_with_mirror/self_collection_messy_living_room_with_mirror_25_60de8844.json objects=15
WROTE annotation_hub/self_collection/object_candidates_free/messy_living_room_with_mirror/self_collection_messy_living_room_with_mirror_26_02e62f08.json objects=15
WROTE annotation_hub/self_collection/object_candidates_free/messy_living_room_with_mirror/self_collection_messy_living_room_with_mirror_27_4f22a58b.json objects=15
WROTE annotation_hub/self_collection/object_candidates_free/messy_living_room_with_mirror/self_collection_messy_living_room_with_mirror_28_38d4f6d9.json objects=15
WROTE annotation_hub/self_collection/object_candidates_free/messy_living_room_with_mirror/self_collection_messy_living_room_with_mirror_29_3aa0113e.json objects=15
WROTE annotation_hub/self_collection/object_candidates_free/messy_living_room_with_mirror/self_collection_messy_living_room_with_mirror_30_4f65ec4c.json objects=15
WROTE annotation_hub/self_collection/object_candidates_free/messy_living_room_with_mirror/self_collection_messy_living_room_with_mirror_31_8d740b7e.json objects=15
WROTE annotation_hub/self_collection/object_candidates_free/messy_living_room_with_mirror/self_collection_messy_living_room_with_mirror_32_353b17c1.json objects=15
WROTE annotation_hub/self_collection/object_candidates_free/messy_living_room_with_mirror/self_collection_messy_living_room_with_mirror_33_6830fc96.json objects=15
WROTE annotation_hub/self_collection/object_candidates_free/messy_living_room_with_mirror/self_collection_messy_living_room_with_mirror_34_cece8651.json objects=15
WROTE annotation_hub/self_collection/object_candidates_free/messy_living_room_with_mirror/self_collection_messy_living_room_with_mirror_35_79cd0864.json objects=15
WROTE annotation_hub/self_collection/object_candidates_free/messy_living_room_with_mirror/self_collection_messy_living_room_with_mirror_36_237044fe.json objects=15
WROTE annotation_hub/self_collection/object_candidates_free/messy_living_room_with_mirror/self_collection_messy_living_room_with_mirror_37_246eeead.json objects=15
WROTE annotation_hub/self_collection/object_candidates_free/messy_living_room_with_mirror/self_collection_messy_living_room_with_mirror_38_6fcf5e8e.json objects=15
WROTE annotation_hub/self_collection/object_candidates_free/messy_living_room_with_mirror/self_collection_messy_living_room_with_mirror_39_f7b4fb46.json objects=15
WROTE annotation_hub/self_collection/object_candidates_free/messy_living_room_with_mirror/self_collection_messy_living_room_with_mirror_40_d039b8a7.json objects=15
WROTE annotation_hub/self_collection/object_candidates_free/messy_living_room_with_mirror/self_collection_messy_living_room_with_mirror_41_093229f5.json objects=15
WROTE annotation_hub/self_collection/object_candidates_free/messy_living_room_with_mirror/self_collection_messy_living_room_with_mirror_42_da72c820.json objects=15
WROTE annotation_hub/self_collection/object_candidates_free/messy_living_room_with_mirror/self_collection_messy_living_room_with_mirror_43_bdc8c386.json objects=15
WROTE annotation_hub/self_collection/object_candidates_free/messy_living_room_with_mirror/self_collection_messy_living_room_with_mirror_44_7a4e0f2d.json objects=15
WROTE annotation_hub/self_collection/object_candidates_free/messy_living_room_with_mirror/self_collection_messy_living_room_with_mirror_45_6d45065d.json objects=13
WROTE annotation_hub/self_collection/object_candidates_free/messy_living_room_with_mirror/self_collection_messy_living_room_with_mirror_46_156f9a78.json objects=15
WROTE annotation_hub/self_collection/object_candidates_free/messy_living_room_with_mirror/self_collection_messy_living_room_with_mirror_47_d16bbfb8.json objects=15
WROTE annotation_hub/self_collection/object_candidates_free/messy_living_room_with_mirror/self_collection_messy_living_room_with_mirror_48_71b23436.json objects=15
WROTE annotation_hub/self_collection/object_candidates_free/messy_living_room_with_mirror/self_collection_messy_living_room_with_mirror_49_c3aa373d.json objects=15
WROTE annotation_hub/self_collection/object_candidates_free/messy_living_room_with_mirror/self_collection_messy_living_room_with_mirror_50_a0fa2080.json objects=15
WROTE annotation_hub/self_collection/object_candidates_free/messy_living_room_with_mirror/self_collection_messy_living_room_with_mirror_51_4de1f75e.json objects=15
WROTE annotation_hub/self_collection/object_candidates_free/messy_living_room_with_mirror/self_collection_messy_living_room_with_mirror_52_07228923.json objects=15
WROTE annotation_hub/self_collection/object_candidates_free/messy_living_room_with_mirror/self_collection_messy_living_room_with_mirror_53_a733808e.json objects=15
WROTE annotation_hub/self_collection/object_candidates_free/messy_living_room_with_mirror/self_collection_messy_living_room_with_mirror_54_a02a8864.json objects=15
WROTE annotation_hub/self_collection/object_candidates_free/messy_living_room_with_mirror/self_collection_messy_living_room_with_mirror_55_d9e763f5.json objects=15
WROTE annotation_hub/self_collection/object_candidates_free/messy_living_room_with_mirror/self_collection_messy_living_room_with_mirror_56_3fe26d1d.json objects=15
WROTE annotation_hub/self_collection/object_candidates_free/messy_living_room_with_mirror/self_collection_messy_living_room_with_mirror_57_5b8833bc.json objects=15
WROTE annotation_hub/self_collection/object_candidates_free/messy_living_room_with_mirror/self_collection_messy_living_room_with_mirror_58_32ca997b.json objects=15
WROTE annotation_hub/self_collection/object_candidates_free/messy_living_room_with_mirror/self_collection_messy_living_room_with_mirror_59_fd3b46d9.json objects=15
WROTE annotation_hub/self_collection/object_candidates_free/messy_living_room_with_mirror/self_collection_messy_living_room_with_mirror_60_e4833f31.json objects=15
WROTE annotation_hub/self_collection/object_candidates_free/messy_living_room_with_mirror/self_collection_messy_living_room_with_mirror_61_1007dd4d.json objects=15
WROTE annotation_hub/self_collection/object_candidates_free/messy_living_room_with_mirror/self_collection_messy_living_room_with_mirror_62_23b90619.json objects=15
WROTE annotation_hub/self_collection/object_candidates_free/messy_living_room_with_mirror/self_collection_messy_living_room_with_mirror_63_1cb2502c.json objects=15
WROTE annotation_hub/self_collection/object_candidates_free/messy_living_room_with_mirror/self_collection_messy_living_room_with_mirror_64_00c86f72.json objects=15
WROTE annotation_hub/self_collection/object_candidates_free/messy_living_room_with_mirror/self_collection_messy_living_room_with_mirror_65_f2c418dd.json objects=15
WROTE annotation_hub/self_collection/object_candidates_free/messy_living_room_with_mirror/self_collection_messy_living_room_with_mirror_66_03a7d586.json objects=15
WROTE annotation_hub/self_collection/object_candidates_free/messy_living_room_with_mirror/self_collection_messy_living_room_with_mirror_67_fb4c7376.json objects=15
WROTE annotation_hub/self_collection/object_candidates_free/messy_living_room_with_mirror/self_collection_messy_living_room_with_mirror_68_fb1a274f.json objects=15
WROTE annotation_hub/self_collection/object_candidates_free/messy_living_room_with_mirror/self_collection_messy_living_room_with_mirror_69_6c6a8ee4.json objects=15
WROTE annotation_hub/self_collection/object_candidates_free/messy_living_room_with_mirror/self_collection_messy_living_room_with_mirror_70_0a323525.json objects=15
WROTE annotation_hub/self_collection/object_candidates_free/messy_living_room_with_mirror/self_collection_messy_living_room_with_mirror_71_8556693c.json objects=15
WROTE annotation_hub/self_collection/object_candidates_free/messy_living_room_with_mirror/self_collection_messy_living_room_with_mirror_72_4aa64585.json objects=15
WROTE annotation_hub/self_collection/object_candidates_free/messy_living_room_with_mirror/self_collection_messy_living_room_with_mirror_73_4b302e9f.json objects=15
WROTE annotation_hub/self_collection/object_candidates_free/messy_living_room_with_mirror/self_collection_messy_living_room_with_mirror_74_b5279729.json objects=15
WROTE annotation_hub/self_collection/object_candidates_free/messy_living_room_with_mirror/self_collection_messy_living_room_with_mirror_75_0c110ec1.json objects=15
WROTE annotation_hub/self_collection/object_candidates_free/messy_living_room_with_mirror/self_collection_messy_living_room_with_mirror_76_a61d4812.json objects=15
WROTE annotation_hub/self_collection/object_candidates_free/messy_living_room_with_mirror/self_collection_messy_living_room_with_mirror_77_1e66feb2.json objects=15
WROTE annotation_hub/self_collection/object_candidates_free/messy_living_room_with_mirror/self_collection_messy_living_room_with_mirror_78_48418123.json objects=15
WROTE annotation_hub/self_collection/object_candidates_free/messy_living_room_with_mirror/self_collection_messy_living_room_with_mirror_79_cc51b2cd.json objects=15
WROTE annotation_hub/self_collection/object_candidates_free/messy_living_room_with_mirror/self_collection_messy_living_room_with_mirror_80_61746a8c.json objects=15
WROTE annotation_hub/self_collection/object_candidates_free/messy_living_room_with_mirror/self_collection_messy_living_room_with_mirror_81_fdea361d.json objects=15
WROTE annotation_hub/self_collection/object_candidates_free/messy_living_room_with_mirror/self_collection_messy_living_room_with_mirror_82_b581840e.json objects=15
WROTE annotation_hub/self_collection/object_candidates_free/messy_living_room_with_mirror/self_collection_messy_living_room_with_mirror_83_adffb3a0.json objects=15
WROTE annotation_hub/self_collection/object_candidates_free/messy_living_room_with_mirror/self_collection_messy_living_room_with_mirror_84_f503aa41.json objects=15
WROTE annotation_hub/self_collection/object_candidates_free/messy_living_room_with_mirror/self_collection_messy_living_room_with_mirror_85_1d7e6df6.json objects=15
WROTE annotation_hub/self_collection/object_candidates_free/messy_living_room_with_mirror/self_collection_messy_living_room_with_mirror_86_8ddbda03.json objects=15
WROTE annotation_hub/self_collection/object_candidates_free/messy_living_room_with_mirror/self_collection_messy_living_room_with_mirror_87_90c3ab96.json objects=15
WROTE annotation_hub/self_collection/object_candidates_free/messy_living_room_with_mirror/self_collection_messy_living_room_with_mirror_88_d8023227.json objects=15
WROTE annotation_hub/self_collection/object_candidates_free/messy_living_room_with_mirror/self_collection_messy_living_room_with_mirror_89_5145e7a9.json objects=15
WROTE annotation_hub/self_collection/object_candidates_free/messy_living_room_with_mirror/self_collection_messy_living_room_with_mirror_90_253bde13.json objects=15
WROTE annotation_hub/self_collection/object_candidates_free/messy_living_room_with_mirror/self_collection_messy_living_room_with_mirror_91_d1c8a594.json objects=15
WROTE annotation_hub/self_collection/object_candidates_free/messy_living_room_with_mirror/self_collection_messy_living_room_with_mirror_92_9f4a60f3.json objects=15
WROTE annotation_hub/self_collection/object_candidates_free/messy_living_room_with_mirror/self_collection_messy_living_room_with_mirror_93_c8381d66.json objects=15
WROTE annotation_hub/self_collection/object_candidates_free/messy_living_room_with_mirror/self_collection_messy_living_room_with_mirror_94_8e701146.json objects=15
WROTE annotation_hub/self_collection/object_candidates_free/messy_living_room_with_mirror/self_collection_messy_living_room_with_mirror_95_915c4575.json objects=15
WROTE annotation_hub/self_collection/object_candidates_free/messy_living_room_with_mirror/self_collection_messy_living_room_with_mirror_96_13142493.json objects=15
WROTE annotation_hub/self_collection/object_candidates_free/messy_living_room_with_mirror/self_collection_messy_living_room_with_mirror_97_d743df61.json objects=15
WROTE annotation_hub/self_collection/object_candidates_free/messy_living_room_with_mirror/self_collection_messy_living_room_with_mirror_98_fe84aa96.json objects=15
WROTE annotation_hub/self_collection/object_candidates_free/messy_living_room_with_mirror/self_collection_messy_living_room_with_mirror_99_a84795e6.json objects=15
done planned=1149 written=1149 skipped=53 failed=0
Warning: You are sending unauthenticated requests to the HF Hub. Please set a HF_TOKEN to enable higher rate limits and faster downloads.
[transformers] `torch_dtype` is deprecated! Use `dtype` instead!

Loading weights:   0%|          | 0/990 [00:00<?, ?it/s]
Loading weights:  24%|██▍       | 240/990 [00:00<00:00, 2397.60it/s]
Loading weights:  48%|████▊     | 480/990 [00:00<00:00, 2141.16it/s]
Loading weights:  70%|███████   | 696/990 [00:00<00:00, 2144.82it/s]
Loading weights:  92%|█████████▏| 912/990 [00:00<00:00, 2102.57it/s]
Loading weights: 100%|██████████| 990/990 [00:00<00:00, 2187.54it/s]

Loading weights:   0%|          | 0/314 [00:00<?, ?it/s]
Loading weights:  70%|███████   | 221/314 [00:00<00:00, 2206.70it/s]
Loading weights: 100%|██████████| 314/314 [00:00<00:00, 2359.50it/s]
/home/Yifan/.conda/envs/self_data_obj/lib/python3.10/site-packages/transformers/models/grounding_dino/processing_grounding_dino.py:96: FutureWarning: The key `labels` is will return integer ids in `GroundingDinoProcessor.post_process_grounded_object_detection` output since v4.51.0. Use `text_labels` instead to retrieve string object names.
  warnings.warn(self.message, FutureWarning)


